rptMStateKey,aucUwwCode,aucUwwName,aggID,aucAggCode,aucAggName,aucPercEnteringUWWTP,aucMethodPercEnteringUWWTP,aucPercC2T,ReportNetEnvelopeFileId
NO,NO0301.0979.01,Bekkelaget renseanlegg med tilførselstuneller og overløp,,NO-02-016,Oslo,29.09616785,C,,49055
NO,NO1101.0039.01,Hestnes renseanlegg,,NO-11-001,Egersund,89,C,,49055
NO,NO1106.0057.01,Årabrot  avløpsanlegg,,NO-11-003,Haugesund,79.5,C,,49055
NO,NO1119.0013.02,Grødaland renseanlegg,,NO-11-007,Varhaug,90,C,,49055
NO,NO1119.0030.01,Nærbø avløpsrenseanlegg,,NO-11-008,Nærbø,90,C,,49055
NO,NO1120.0023.01,Vik renseanlegg,,NO-11-011,Bryne,89.5,C,,49055
NO,NO1120.0025.01,Bore avløpsrenseanlegg,,NO-11-012,Kleppe/Verdalen,88,C,,49055
NO,NO1127.0012.01,Sentralrenseanlegget for Nord Jæren SNJ,,NO-11-015,Stavanger/Sandnes,79.5,C,,49055
NO,NO1505.0057.01,Grunden,,NO-15-007,Kristiansund,6.306146834,C,,49055
NO,NO1505.0058.01,Dale,,NO-15-007,Kristiansund,11.66637164,C,,49055
NO,NO1505.0060.01,Løkkemyra,,NO-15-007,Kristiansund,9.459220251,C,,49055
NO,NO1505.0061.01,Jonassenskjærva,,NO-15-007,Kristiansund,2.963889012,C,,49055
NO,NO1505.0063.01,Hagelin,,NO-15-007,Kristiansund,63.67947073,C,,49055
NO,NO1505.0068.01,Byskogen,,NO-15-007,Kristiansund,0.924901536,C,,49055
NO,NO1506.0047.01,RA1 Cap Clara,,NO-15-006,Molde,31.72262628,C,,49055
NO,NO1506.0048.01,RA2 Nøisomhed,,NO-15-006,Molde,67.77737372,C,,49055
NO,NO1507.0094.01,RA5 Breivika,,NO-15-008,Ålesund,7.521267401,C,,49055
NO,NO1507.0103.01,RA15 Løvika,,NO-15-008,Ålesund,0.208924095,C,,49055
NO,NO1507.0107.01,RA4 Åse,,NO-15-008,Ålesund,21.82142526,C,,49055
NO,NO1507.0109.01,RA18 Borgundgavlen,,NO-15-008,Ålesund,0.027856546,C,,49055
NO,NO1507.0119.01,U85 Bogneset,,NO-15-008,Ålesund,0.062677228,C,,49055
NO,NO1507.0122.01,U88 Bogneset,,NO-15-008,Ålesund,0.194995822,C,,49055
NO,NO1507.0126.01,U35 Kvennaneset,,NO-15-008,Ålesund,0.073123433,C,,49055
NO,NO1507.0133.01,RA3 Larsgården,,NO-15-008,Ålesund,6.267722835,C,,49055
NO,NO1507.0139.01,U2 Sævollen,,NO-15-008,Ålesund,0.133711421,C,,49055
NO,NO1507.0146.01,U12 Hessa,,NO-15-008,Ålesund,0.208924095,C,,49055
NO,NO1507.0147.01,U13 Hessa,,NO-15-008,Ålesund,0.106551288,C,,49055
NO,NO1507.0148.01,U14 Kleivane,,NO-15-008,Ålesund,0.081480397,C,,49055
NO,NO1507.0151.01,RA2 Aspøy,,NO-15-008,Ålesund,27.79526153,C,,49055
NO,NO1507.0182.01,RA6 Flisnes,,NO-15-008,Ålesund,19.49958215,C,,49055
NO,NO1507.0214.01,RA21 Bingsa,,NO-15-008,Ålesund,0.097497911,C,,49055
NO,NO1507.0246.01,RA1 Hessa,,NO-15-008,Ålesund,2.291200903,C,,49055
NO,NO1507.0248.01,RA20 Flatholmen,,NO-15-008,Ålesund,0.174103412,C,,49055
NO,NO1507.0254.01,RA26 Hankane,,NO-15-008,Ålesund,0.13928273,C,,49055
NO,NO1531.0025.01,RA1-Geilneset,,NO-15-008,Ålesund,6.755212388,C,,49055
NO,NO1531.0026.01,RA2 Djupvika,,NO-15-008,Ålesund,4.03919916,C,,49055
NO,NO1804.0080.01,Alstad renseanlegg,,NO-18-003,Bodø,1.341972654,C,,49055
NO,NO1804.0081.01,Hammervika renseanlegg,,NO-18-003,Bodø,12.74790876,C,,49055
NO,NO1804.0085.01,Stokkvika renseanlegg,,NO-18-003,Bodø,1.147411563,C,,49055
NO,NO1804.0086.01,Hunstadmoen I,,NO-18-003,Bodø,2.26156482,C,,49055
NO,NO1804.0087.01,Hunstadmoen II,,NO-18-003,Bodø,1.3469614,C,,49055
NO,NO1804.0088.01,Mørkvedodden renseanlegg,,NO-18-003,Bodø,18.20892263,C,,49055
NO,NO3007.0057.01,Monserud avløpsanlegg,,NO-06-007,Hønefoss,97,C,,49055
NO,NO3013.0012.01,Bommen avløpsanlegg,,NO-01-006,Ørje,99,C,,49055
NO,NO3014.0031.04,AHSA avløpsanlegg,,NO-01-008,Askim,99,C,,49055
NO,NO3014.0114.01,Skjønhaug avløpsanlegg,,NO-01-007,Skjønhaug,99,C,,49055
NO,NO3014.0118.01,Mysen avløpsanlegg,,NO-01-009,Mysen,99,C,,49055
NO,NO3016.0021.01,Bodal avløpsanlegg,,NO-01-011,Rakkestad,99,C,,49055
NO,NO3019.0024.01,Søndre Follo renseanlegg,,NO-02-001,Søndre Follo,92,C,,49055
NO,NO3021.0016.01,Nordre Follo renseanlegg,,NO-02-003,Nordre Follo,92,C,,49055
NO,NO3022.0019.01,Frogn renseanlegg,,NO-02-004,Drøbak,92,C,,49055
NO,NO3023.0015.01,Buhrestua renseanlegg,,NO-02-016,Oslo,0.453537389,C,,49055
NO,NO3025.0059.01,Sentralrenseanlegg Vest (VEAS),,NO-02-016,Oslo,45.87741846,C,,49055
NO,NO3025.0179.01,Lahell avløpsanlegg,,NO-06-001,Drammen,1.646556494,C,,49055
NO,NO3026.0021.02,Bjørkelangen sentralrenseanlegg,,NO-02-008,Bjørkelangen,95,C,,49055
NO,NO3026.0022.01,Løken renseanlegg,,NO-02-007,Løken,94,C,,49055
NO,NO3028.0019.01,Flateby renseanlegg,,NO-02-013,Flateby,92,C,,49055
NO,NO3028.0038.01,Kirkebygda sentralrenseanlegg,,NO-02-014,Ytre enebakk,92,C,,49055
NO,NO3030.0078.01,NRA (Nedre Romerike avløpsanlegg),,NO-02-016,Oslo,17.3487538,C,,49055
NO,NO3030.0241.01,Midtre Romerike avløpsselskap IKS (MIRA),,NO-02-009,Sørumsand,94,C,,49055
NO,NO3031.0035.01,Rotnes renseanlegg,,NO-02-018,Rotnes,92,C,,49055
NO,NO3049.0091.01,Linnes avløpsanlegg,,NO-06-001,Drammen,19.15379289,C,,49055
NO,NO3053.0011.01,Jevnaker renseanlegg,,NO-05-024,Jevnaker,97,C,,49055
NO,NO3054.0009.01,Harestua renseanlegg,,NO-05-025,Harestua,97,C,,49055
NO,NO3054.0010.01,Volla renseanlegg,,NO-05-026,Roa/Lunner,97,C,,49055
NO,NO3401.0051.02,Kongsvinger renseanlegg,,NO-04-001,Kongsvinger,98,C,,49055
NO,NO3405.0033.01,Lillehammer renseanlegg,,NO-05-001,Lillehammer,97,C,,49055
NO,NO3407.0119.02,Rambekk renseanlegg,,NO-05-002,Gjøvik,97,C,,49055
NO,NO3411.0086.01,Moelv renseanlegg,,NO-04-002,Moelv,99,C,,49055
NO,NO3411.0233.01,Nes renseanlegg,,NO-04-028,Nes,97,C,,49055
NO,NO3413.0082.01,HIAS renseanlegg,,NO-04-005,Hamar,99,C,,49055
NO,NO3414.0018.01,Sand renseanlegg,,NO-04-008,Sand,93,C,,49055
NO,NO3415.0029.01,Skarnes renseanlegg,,NO-04-009,Skarnes,90,C,,49055
NO,NO3416.0016.01,Skotterud renseanlegg,,NO-04-010,Skotterud,99,C,,49055
NO,NO3416.0017.01,Magnor renseanlegg,,NO-04-011,Magnor,91,C,,49055
NO,NO3417.0023.01,Kirkenær renseanlegg,,NO-04-012,Kirkenær,76,C,,49055
NO,NO3418.0037.01,Flisa renseanlegg,,NO-04-014,Flisa,98,C,,49055
NO,NO3419.0015.01,Våler renseanlegg,,NO-04-015,Våler,99,C,,49055
NO,NO3420.0049.01,Elverum renseanlegg,,NO-04-016,Elverum,100,C,,49055
NO,NO3421.0045.01,"Innbygda renseanlegg, Mosanden",,NO-04-018,Innbygda,100,C,,49055
NO,NO3422.0018.01,Rena rensepark,,NO-04-019,Rena,100,C,,49055
NO,NO3451.0008.01,Aurdal renseanlegg,,NO-05-032,Aurdal,97,C,,49055
NO,NO3451.0009.01,Fagernes-Leira renseanlegg,,NO-05-033,Fagernes ,97,C,,49055
NO,NO3452.0005.01,Røn renseanlegg,,NO-05-034,Røn,97,C,,49055
NO,NO3452.0006.01,Vaset renseanlegg,,NO-05-039,Vasetområdet,97,C,,49055
NO,NO3453.0007.01,Beito renseanlegg,,NO-05-036,Beitostølen,97,C,,49055
NO,NO3801.0045.01,Falkensten renseanlegg,,NO-07-001,Horten,99.3,C,,49055
NO,NO3802.0025.01,Holmestrand renseanlegg,,NO-07-004,Holmestrand,99.3,C,,49055
NO,NO3802.0083.01,Lersbryggen renseanlegg,,NO-07-011,Sande (Vestfold),99.3,C,,49055
NO,NO3803.0110.01,Tønsberg renseanlegg,,NO-07-005,Tønsberg,99.3,C,,49055
NO,NO3804.0070.01,Sandefjord renseanlegg,,NO-07-006,Sandefjord,99.3,C,,49055
NO,NO3804.0173.01,Andebu sentrum renseanlegg,,NO-07-016,Andebu,99.3,C,,49055
NO,NO3804.0206.01,Vårnes avløpsrenseanlegg,,NO-07-022,Stokke,99.3,C,,49055
NO,NO3805.0040.01,Lillevik renseanlegg,,NO-07-007,Larvik,99.3,C,,49055
NO,NO3806.0074.01,Knarrdalstrand renseanlegg,,NO-08-001,Porsgrunn/Skien,48.24745196,C,,49055
NO,NO3806.0077.01,Heistad avløpsrenseanlegg,,NO-08-001,Porsgrunn/Skien,16.03316625,C,,49055
NO,NO3807.0106.01,Elstrøm renseanlegg,,NO-08-001,Porsgrunn/Skien,18.70918964,C,,49055
NO,NO3808.0027.01,Ramsflog renseanlegg,,NO-08-003,Notodden,98,C,,49055
NO,NO3813.0044.01,Salen avløpsrenseanlegg,,NO-08-001,Porsgrunn/Skien,16.01019215,C,,49055
NO,NO3814.0125.01,Kragerø renseanlegg,,NO-08-006,Kragerø,99,C,,49055
NO,NO3816.0018.01,Søvitt avløpsrenseanlegg,,NO-08-012,Ulefoss,99,C,,49055
NO,NO3817.0015.01,Bø avløpsrenseanlegg,,NO-08-013,Bø,98,C,,49055
NO,NO3818.0025.01,Rjukan avløpsrenseanlegg,,NO-08-020,Rjukan,97,C,,49055
NO,NO3819.0015.02,Kovstulheia Russmarken avløpsrenseanlegg,,NO-08-030,Kovstulheia Russmarken,99,C,,49055
NO,NO3820.0010.01,Seljord avløpsrenseanlegg,,NO-08-021,Seljord,99,C,,49055
NO,NO3821.0008.01,Vrådal renseanlegg,,NO-08-022,Vrådal,99,C,,49055
NO,NO3823.0005.01,Fyresdal avløpsrenseanlegg,,NO-08-025,Fyresdal,99,C,,49055
NO,NO3825.0010.01,Rauland avløpsrenseanlegg,,NO-08-029,Rauland,99,C,,49055
NO,NO3825.0012.01,Vågslid reinseanlegg,,NO-08-028,Vågslid,99,C,,49055
NO,NO4202.0046.01,Groos renseanlegg,,NO-09-002,Grimstad,100,C,,49055
NO,NO4203.0106.01,Saulekilen renseanlegg,,NO-09-005,Arendal,98.5,C,,49055
NO,NO4204.0222.01,Odderøya renseanlegg,,NO-10-002,Kristiansand 1,74.88254929,C,,49055
NO,NO4204.0338.01,Bredalsholmen renseanlegg,,NO-10-002,Kristiansand 1,24.11745071,C,,49055
NO,NO4204.0671.01,Høllen renseanlegg,,NO-10-010,Søgne,84,C,,49055
NO,NO4205.0084.01,Grønvika renseanlegg - Mandal,,NO-10-005,Mandal,98,C,,49055
NO,NO4206.0050.01,Huseby renseanlegg,,NO-10-006,Farsund,80,C,,49055
NO,NO4207.0047.01,Skådeviga renseanlegg,,NO-10-008,Flekkefjord,73,C,,49055
NO,NO4214.0011.01,Neset renseanlegg,,NO-09-010,Blakstad,100,C,,49055
NO,NO4215.0030.01,Fossbekk renseanlegg,,NO-09-011,Lillesand,92.4,C,,49055
NO,NO4216.0018.01,Birkeland renseanlegg,,NO-09-012,Birkeland,100,C,,49055
NO,NO4219.0019.01,Fennefoss renseanlegg,,NO-09-014,Evje,86.4,C,,49055
NO,NO4220.0007.01,Byglandsfjord renseanlegg,,NO-09-015,Byglandsfjord,35.25,C,,49055
NO,NO4221.0012.01,Brokke vatn og avlaupsanlegg/avlaupsverk AS,,NO-09-018,Brokke,100,C,,49055
NO,NO4222.0014.01,Hartevatn renseanlegg,,NO-09-017,Hovden,100,C,,49055
NO,NO4228.0004.01,Handeland renseanlegg - Sirdal,,NO-10-018,Sinnes,95,C,,49055
NO,NO4601.0295.05,Lokketona,,NO-12-001,Bergen,0.012943036,C,,49055
NO,NO4601.0318.01,Mjølkeråen,,NO-12-001,Bergen,0.092407254,C,,49055
NO,NO4601.0319.01,Alvøen,,NO-12-001,Bergen,0.025886071,C,,49055
NO,NO4601.0320.01,Tellevik,,NO-12-001,Bergen,0.223643615,C,,49055
NO,NO4601.0321.01,Kjøkkelvik,,NO-12-001,Bergen,0.566182557,C,,49055
NO,NO4601.0323.01,Steinestø,,NO-12-001,Bergen,0.285348785,C,,49055
NO,NO4601.0324.01,Fagerdalen,,NO-12-001,Bergen,0.947550606,C,,49055
NO,NO4601.0325.01,Godvik,,NO-12-001,Bergen,1.700654677,C,,49055
NO,NO4601.0328.01,Håkonshella,,NO-12-001,Bergen,0.231168636,C,,49055
NO,NO4601.0329.01,Saudalskleivane,,NO-12-001,Bergen,0.057491158,C,,49055
NO,NO4601.0330.01,Flesland renseanlegg,,NO-12-001,Bergen,31.26555798,C,,49055
NO,NO4601.0333.01,Hagardsviken-Garnes,,NO-12-005,Indre Arna,4.040638607,C,,49055
NO,NO4601.0334.01,Garnes,,NO-12-005,Indre Arna,91.95936139,C,,49055
NO,NO4601.0335.01,Helleneset,,NO-12-001,Bergen,0.52735345,C,,49055
NO,NO4601.0336.01,Eikeviken,,NO-12-001,Bergen,0.169162465,C,,49055
NO,NO4601.0337.01,Knappen renseanlegg,,NO-12-001,Bergen,17.24283242,C,,49055
NO,NO4602.0040.01,Breivika,,NO-14-001,Florø,5.619121969,C,,49055
NO,NO4602.0041.01,Havreneset Sør (RD 6),,NO-14-001,Florø,6.718130051,C,,49055
NO,NO4602.0044.01,Kleiva/Soldal,,NO-14-001,Florø,7.347400808,C,,49055
NO,NO4602.0046.01,Industrivegen (RD 7),,NO-14-001,Florø,1.896675239,C,,49055
NO,NO4602.0047.01,Gunnhildvågen (RD 8),,NO-14-001,Florø,3.828802351,C,,49055
NO,NO4602.0048.01,FLO26 Brendøyvn/Kystmuseet,,NO-14-001,Florø,4.032650625,C,,49055
NO,NO4602.0050.01,FLO28 Gaddevågen (29-30-31),,NO-14-001,Florø,3.545187362,C,,49055
NO,NO4602.0052.01,Brandsøysundet (RD 14),,NO-14-001,Florø,2.942505511,C,,49055
NO,NO4602.0098.01,Kanalen Sør (RD10),,NO-14-001,Florø,2.073934607,C,,49055
NO,NO4602.0109.01,Silanlegg Sentrum/Stranda (RD3),,NO-14-001,Florø,11.83206282,C,,49055
NO,NO4614.0026.01,"Aker Stord II, Kjøtteinståa",,NO-12-019,Leirvik,0.870985986,C,,49055
NO,NO4614.0058.01,"Aker Stord I, Eldøyane",,NO-12-019,Leirvik,0.622132847,C,,49055
NO,NO4614.0061.01,"Bjelland, utslipp 5.01 -5.03",,NO-12-019,Leirvik,12.78483001,C,,49055
NO,NO4614.0062.01,"Leirvik Sør, utslipp 9.01- 9.03",,NO-12-019,Leirvik,2.737384528,C,,49055
NO,NO4614.0063.01,"Leirvik Nord , utslipp 10.2-10.06",,NO-12-019,Leirvik,2.053038396,C,,49055
NO,NO4614.0065.01,Leirvik Nord  - Frugarden avløpsanlegg,,NO-12-019,Leirvik,16.17545403,C,,49055
NO,NO4614.0066.01,Sæverhagen,,NO-12-019,Leirvik,9.891912273,C,,49055
NO,NO4614.0067.01,"Økland, Knosterneset",,NO-12-019,Leirvik,4.665996355,C,,49055
NO,NO4614.0068.01,Djupavik,,NO-12-019,Leirvik,27.88399422,C,,49055
NO,NO4614.0078.01,Sagvåg Grunnevågen avløpsanlegg,,NO-12-020,Sagvåg,91.94366197,C,,49055
NO,NO4614.0079.01,"Sætravik, Utslepp 5.01-5.03 renseanlegg",,NO-12-020,Sagvåg,4.056338028,C,,49055
NO,NO4614.0102.01,Skjersholmane,,NO-12-019,Leirvik,16.79758688,C,,49055
NO,NO4614.0103.01,Grunnavågen,,NO-12-019,Leirvik,4.516684472,C,,49055
NO,NO4618.0052.01,Håra AR,,NO-12-082,Håra,100,C,,49055
NO,NO4618.0053.01,Seljestad AR,,NO-12-081,Seljestad,100,C,,49055
NO,NO4621.0040.02,Voss reinseanlegg,,NO-12-040,Vossevangen,99,C,,49055
NO,NO4621.0069.01,Myrkdalen reinseanlegg,,NO-12-080,Myrkdalen,95,C,,49055
NO,NO4622.0023.01,Laupsa,,NO-12-041,Øystese/Nordheimsund,2.04057136,C,,49055
NO,NO4622.0031.01,Tolo renseanlegg - Norheimsund,,NO-12-041,Øystese/Nordheimsund,61.87012363,C,,49055
NO,NO4622.0058.01,Notaneset renseanlegg,,NO-12-041,Øystese/Nordheimsund,21.08930501,C,,49055
NO,NO4624.0030.01,Oselv,,NO-12-046,Osøyro,55.83512391,C,,49055
NO,NO4624.0031.01,Solstrand fjordhotell,,NO-12-046,Osøyro,1.0274316,C,,49055
NO,NO4624.0033.01,"Halhjem, Auredalen",,NO-12-046,Osøyro,12.51969632,C,,49055
NO,NO4624.0040.01,Kunhlevågen,,NO-12-046,Osøyro,23.8690732,C,,49055
NO,NO4624.0066.01,Solstrandsfjæra,,NO-12-046,Osøyro,1.088669245,C,,49055
NO,NO4624.0067.01,Tøkjesundet sør,,NO-12-046,Osøyro,0.66000573,C,,49055
NO,NO4626.0037.01,Brattholmen,,NO-12-054,Kolltveit/Bildøy/Litle Sotra,10.30587573,C,,49055
NO,NO4626.0043.01,Hjelteryggen,,NO-12-054,Kolltveit/Bildøy/Litle Sotra,10.48817306,C,,49055
NO,NO4626.0049.01,Søre Straumetoppen,,NO-12-054,Kolltveit/Bildøy/Litle Sotra,0.280737888,C,,49055
NO,NO4626.0052.01,Bildøy Sør,,NO-12-054,Kolltveit/Bildøy/Litle Sotra,9.148895342,C,,49055
NO,NO4626.0054.01,Valen,,NO-12-054,Kolltveit/Bildøy/Litle Sotra,7.982192429,C,,49055
NO,NO4626.0079.01,Våge RA,,NO-12-054,Kolltveit/Bildøy/Litle Sotra,55.32845501,C,,49055
NO,NO4626.0127.01,Knarrevik avløpsanlegg,,NO-12-054,Kolltveit/Bildøy/Litle Sotra,1.465670534,C,,49055
NO,NO4627.0037.01,Strand,,NO-12-061,Søre Askøy,0.674574838,C,,49055
NO,NO4627.0038.01,Marikovneset,,NO-12-061,Søre Askøy,0.339382372,C,,49055
NO,NO4627.0039.01,Marikoven  - Nord,,NO-12-061,Søre Askøy,2.094952912,C,,49055
NO,NO4627.0040.01,"Træet, Follese",,NO-12-061,Søre Askøy,1.416188169,C,,49055
NO,NO4627.0046.01,Bakervågen I,,NO-12-061,Søre Askøy,0.079608211,C,,49055
NO,NO4627.0047.01,Bakervågen II,,NO-12-061,Søre Askøy,0.800272012,C,,49055
NO,NO4627.0048.01,Ekrene Florvåg,,NO-12-061,Søre Askøy,1.152224102,C,,49055
NO,NO4627.0049.01,Badeelva,,NO-12-061,Søre Askøy,8.346292402,C,,49055
NO,NO4627.0050.01,Askehavn,,NO-12-061,Søre Askøy,1.307250617,C,,49055
NO,NO4627.0051.01,Juvik,,NO-12-061,Søre Askøy,10.52923334,C,,49055
NO,NO4627.0052.01,Kyrkjevika (o),,NO-12-061,Søre Askøy,0.657815214,C,,49055
NO,NO4627.0056.01,Drageide (Florvåg),,NO-12-061,Søre Askøy,5.664752674,C,,49055
NO,NO4627.0061.01,Skogliheimen I,,NO-12-061,Søre Askøy,0.509073558,C,,49055
NO,NO4627.0062.01,Skogliheimen II,,NO-12-061,Søre Askøy,0.339382372,C,,49055
NO,NO4627.0063.01,Kleppestø renseanlegg,,NO-12-061,Søre Askøy,20.19115617,C,,49055
NO,NO4627.0066.01,"Skiftesvik, Strusshamn",,NO-12-061,Søre Askøy,1.030716833,C,,49055
NO,NO4627.0099.01,Flensberghamn (p),,NO-12-061,Søre Askøy,0.408515818,C,,49055
NO,NO4627.0125.01,Ytre Skarholmen renseanlegg,,NO-12-001,Bergen,0.046655128,C,,49055
NO,NO4627.0137.01,Strusshamn renseanlegg,,NO-12-061,Søre Askøy,5.974805705,C,,49055
NO,NO4627.0143.03,Horsøy renseanlegg,,NO-12-061,Søre Askøy,1.256971747,C,,49055
NO,NO4627.0196.01,Tveitevågen renseanlegg,,NO-12-061,Søre Askøy,1.759760446,C,,49055
NO,NO4647.0021.01,Førde by - Øyrane reinseanlegg,,NO-14-026,Førde,99.5,C,,49055
NO,NO4650.0016.01,Byrkjelo,,NO-14-041,Byrkjelo,99.9,C,,49055
NO,NO5001.0210.01,Ladehammeren renseanlegg,,NO-16-001,Trondheim,38.27083333,C,,49055
NO,NO5001.0214.01,Høvringen renseanlegg,,NO-16-001,Trondheim,60.72916667,C,,49055
NO,NO5001.0465.01,Ostangen renseanlegg,,NO-16-036,Klæbu,98,C,,49055
NO,NO5006.0072.01,Løsberga renseanlegg,,NO-17-002,Steinkjer,99,C,,49055
NO,NO5007.0058.01,Tiendeholmen renseanlegg,,NO-17-003,Namsos,97.5,C,,49055
NO,NO5021.0014.03,Oppdal sentrum renseanlegg,,NO-16-014,Oppdal,98,C,,49055
NO,NO5025.0023.01,Røros renseanlegg,,NO-16-023,Røros,98,C,,49055
NO,NO5027.0018.01,Moøya renseanlegg,,NO-16-025,Støren,98,C,,49055
NO,NO5028.0029.01,Varmbo renseanlegg,,NO-16-029,Melhus,99,C,,49055
NO,NO5034.0007.01,Meråker renseanlegg,,NO-17-005,Meråker,97.5,C,,49055
NO,NO5035.0071.01,Stjørdal ARA renseanlegg,,NO-17-008,Stjørdalshalsen,99,C,,49055
NO,NO5037.0051.01,Levanger sentrum Havna renseanlegg,,NO-17-011,Levanger,99,C,,49055
NO,NO5038.0060.01,Ørin renseanlegg,,NO-17-016,Verdalsøra,99,C,,49055
NO,NO5059.0029.01,Gammelosen renseanlegg,,NO-16-021,Orkanger/Fannrem,98,C,,49055
NO,NO5401.0143.01,Strandvegen renseanlegg,,NO-19-036,Tromsøya,25.04988546,C,,49055
NO,NO5401.0152.01,Breivika avløpsrenseanlegg,,NO-19-036,Tromsøya,34.57386681,C,,49055
NO,NO5401.0155.01,Tomasjord  avløpsrenseanlegg,,NO-19-037,Tromsdalen - Kroken,99,C,,49055
NO,NO5401.0159.01,Langnes avløpsrenseanlegg,,NO-19-036,Tromsøya,38.37624773,C,,49055
NO,NO5402.0072.01,Bergsodden renseanlegg,,NO-19-040,Harstad,14.83005034,C,,49055
NO,NO5402.0074.01,Medkila renseanlegg,,NO-19-040,Harstad,11.72129625,C,,49055
NO,NO5402.0075.01,Stangnes renseanlegg,,NO-19-040,Harstad,26.52260619,C,,49055
NO,NO5402.0076.01,Ruggevik renseanlegg,,NO-19-040,Harstad,8.3969891,C,,49055
NO,NO5402.0077.01,Holte renseanlegg,,NO-19-040,Harstad,3.980546459,C,,49055
NO,NO5402.0080.01,Holstneset renseanlegg,,NO-19-040,Harstad,27.03514346,C,,49055
NO,NO5402.0081.01,Trondenes (Revsbekken) renseanlegg,,NO-19-040,Harstad,5.5133682,C,,49055
NO,NO5406.0071.01,U2 Rica Hotell renseanlegg,,NO-20-005,Hammerfest,0.468899522,C,,49055
NO,NO5406.0123.01,Renseanlegg Hammerfest tettsted (Rossmolla),,NO-20-005,Hammerfest,97.53110048,C,,49055
NO,NO5416.0012.01,Bardu renseanlegg,,NO-19-013,Setermoen,98,C,,49055
NO,NO5418.0019.01,Øverbygd renseanlegg,,NO-19-015,Skjold,99,C,,49055
NO,NO5418.0022.01,Andslimoen renseanlegg,,NO-19-017,Heggelia,98,C,,49055
NO,NO5437.0005.02,Karasjok tettsted avløpsrenseanlegg,,NO-20-019,Karasjok,95,C,,49055
NO,NO1804.0145.01,Kvalvikodden renseanlegg,,NO-18-003,Bodø,41.0058286,C,,49055
NO,NO1804.0147.01,Jensvoll renseanlegg,,NO-18-003,Bodø,7.832331105,C,,49055
NO,NO1804.0151.01,Skansenodden renseanlegg,,NO-18-003,Bodø,11.82665368,C,,49055
NO,NO1804.0160.01,Bodøsjøen II,,NO-18-003,Bodø,1.280444788,C,,49055
NO,NO1806.0049.01,Narvik renseanlegg,,NO-18-005,Narvik,100,C,,49055
NO,NO1824.0043.01,Mosjøen (Bordvedneset),,NO-18-018,Mosjøen,50,C,,49055
NO,NO1824.0046.01,Kulstad renseanlegg,,NO-18-018,Mosjøen,50,C,,49055
NO,NO1833.0081.01,Langnes avløpsrenseanlegg,,NO-18-027,Mo i Rana,0.577133053,C,,49055
NO,NO1833.0083.01,Ytre-Båsmo avløpsrenseanlegg,,NO-18-027,Mo i Rana,0.655124006,C,,49055
NO,NO1833.0084.01,Moskjæran avløpsrenseanlegg,,NO-18-027,Mo i Rana,26.46493007,C,,49055
NO,NO1833.0085.01,Mjølan avløpsrenseanlegg,,NO-18-027,Mo i Rana,72.30281287,C,,49055
NO,NO3001.0055.01,Remmendalen avløpsanlegg,,NO-01-001,Halden,99,C,,49055
NO,NO3002.0052.03,Kambo avløpsanlegg,,NO-01-014,Moss,23.56028435,C,,49055
NO,NO3002.0153.01,Fuglevik avløpsanlegg,,NO-01-014,Moss,74.43971565,C,,49055
NO,NO3003.0070.01,Alvim renseanlegg,,NO-01-004,Fredrikstad/Sarpsborg,40.23922826,C,,49055
NO,NO3004.0134.01,Øra avløpsanlegg,,NO-01-004,Fredrikstad/Sarpsborg,58.73077174,C,,49055
NO,NO3005.0187.01,Solumstrand avløpsanlegg,,NO-06-001,Drammen,50.85591247,C,,49055
NO,NO3005.0201.01,Muusøya avløpsanlegg,,NO-06-001,Drammen,9.118844544,C,,49055
NO,NO3005.0449.01,Mjøndalen avløpsanlegg,,NO-06-001,Drammen,9.526939419,C,,49055
NO,NO3006.0045.01,Sellikdalen avløpsanlegg,,NO-06-002,Kongsberg,98,C,,49055
NO,NO3031.0036.01,Slattum renseanlegg,,NO-02-016,Oslo,1.224122506,C,,49055
NO,NO3031.0037.01,Åneby renseanlegg,,NO-02-017,Åneby,92,C,,49055
NO,NO3033.0031.01,Kløfta renseanlegg,,NO-02-020,Kløfta,92,C,,49055
NO,NO3033.0071.01,Gardermoen sentralrenseanlegg,,NO-02-021,Jessheim,95,C,,49055
NO,NO3034.0026.01,Fjellfoten renseanlegg,,NO-02-022,Årnes,92,C,,49055
NO,NO3035.0025.01,Bårlidalen renseanlegg,,NO-02-023,Råholt,92,C,,49055
NO,NO3037.0003.01,Hurdal Sentrum renseanlegg,,NO-02-026,Hurdal,98,C,,49055
NO,NO3038.0006.01,Hole avløpsanlegg,,NO-06-009,Steinsåsen,98,C,,49055
NO,NO3040.0012.01,Nesbyen avløpsanlegg,,NO-06-010,Nesbyen,98,C,,49055
NO,NO3041.0011.01,Gol avløpsanlegg,,NO-06-011,Gol,99,C,,49055
NO,NO3041.0018.01,Golsfjellet avløpsanlegg,,NO-06-034,Golsfjellet,96,C,,49055
NO,NO3042.0008.01,Trøim avløpsanlegg,,NO-06-012,Hemsedal,98,C,,49055
NO,NO3043.0040.01,Sundre avløpsanlegg,,NO-06-013,Ål,85,C,,49055
NO,NO3044.0008.01,Geilo avløpsanlegg,,NO-06-016,Geilo,98,C,,49055
NO,NO3044.0011.01,Ustaoset avløpsanlegg,,NO-06-033,Ustaoset,70,C,,49055
NO,NO3045.0008.01,Eggedal avløpsanlegg,,NO-06-037,Eggedal,98,C,,49055
NO,NO3045.0014.01,Haglebu avløpsanlegg,,NO-06-036,Haglebu,95,C,,49055
NO,NO3046.0009.01,Noresund avløpsanlegg,,NO-06-018,Noresund/Norefjell,97,C,,49055
NO,NO3047.0023.01,Bårud avløpsanlegg,,NO-06-020,Åmot/Geithus,91.5,C,,49055
NO,NO3047.0026.01,Elvika avløpsanlegg,,NO-06-021,Vikersund,80,C,,49055
NO,NO3048.0031.01,Hokksund avløpsanlegg,,NO-06-001,Drammen,6.697954184,C,,49055
NO,NO4627.0100.01,Kyrkjevika (p),,NO-12-061,Søre Askøy,0.414800677,C,,49055
NO,NO4627.0102.01,Hopshamn,,NO-12-061,Søre Askøy,0.687144555,C,,49055
NO,NO4627.0103.01,Olaviken,,NO-12-061,Søre Askøy,0.544687757,C,,49055
NO,NO4627.0104.01,Skogsvik I,,NO-12-061,Søre Askøy,1.022337021,C,,49055
NO,NO4627.0105.01,Skogsvik II,,NO-12-061,Søre Askøy,2.231124851,C,,49055
NO,NO4627.0106.01,Marikovfjæra,,NO-12-061,Søre Askøy,0.586586815,C,,49055
NO,NO4627.0107.01,Alvheimsfeltet,,NO-12-061,Søre Askøy,0.448319923,C,,49055
NO,NO4627.0108.01,Søre Østerdalen,,NO-12-061,Søre Askøy,0.565637286,C,,49055
NO,NO4627.0109.01,Gullskjærvik,,NO-12-061,Søre Askøy,0.923874234,C,,49055
NO,NO4627.0111.01,Skarholmen renseanlegg,,NO-12-061,Søre Askøy,0.917589376,C,,49055
NO,NO4627.0112.01,Sveabrotet,,NO-12-061,Søre Askøy,0.804461918,C,,49055
NO,NO4627.0113.01,Marikoven Sør,,NO-12-061,Søre Askøy,2.053053854,C,,49055
NO,NO4627.0114.01,Follesevågen,,NO-12-061,Søre Askøy,0.439940112,C,,49055
NO,NO4627.0115.01,"Haugadalen, Follese",,NO-12-061,Søre Askøy,1.328200146,C,,49055
NO,NO4627.0116.01,"Eide, Hetlevik",,NO-12-061,Søre Askøy,1.789089787,C,,49055
NO,NO4627.0117.01,"Fabrikken, Hetlevik",,NO-12-061,Søre Askøy,1.692721953,C,,49055
NO,NO4627.0119.01,Lavik,,NO-12-061,Søre Askøy,0.603346439,C,,49055
NO,NO4627.0120.01,Polleelva,,NO-12-061,Søre Askøy,0.557257475,C,,49055
NO,NO4627.0121.01,Kråvik,,NO-12-061,Søre Askøy,1.973445643,C,,49055
NO,NO4627.0122.01,Tømmervik (p),,NO-12-061,Søre Askøy,0.465079547,C,,49055
NO,NO4627.0123.01,Hauglandshella,,NO-12-061,Søre Askøy,5.564194935,C,,49055
NO,NO4627.0124.01,Kollevåg,,NO-12-061,Søre Askøy,1.504176191,C,,49055
,,,,,,,,,
,,,,,,,,,
,,,,,,,,,
,,,,,,,,,
,,,,,,,,,
,,,,,,,,,
,,,,,,,,,
,,,,,,,,,
,,,,,,,,,
,,,,,,,,,
,,,,,,,,,
,,,,,,,,,
,,,,,,,,,
,,,,,,,,,
,,,,,,,,,
,,,,,,,,,
,,,,,,,,,
,,,,,,,,,
,,,,,,,,,
,,,,,,,,,
,,,,,,,,,
,,,,,,,,,
,,,,,,,,,
,,,,,,,,,
,,,,,,,,,
,,,,,,,,,
,,,,,,,,,
,,,,,,,,,
,,,,,,,,,
,,,,,,,,,
,,,,,,,,,
,,,,,,,,,
,,,,,,,,,
,,,,,,,,,
,,,,,,,,,
,,,,,,,,,
,,,,,,,,,
,,,,,,,,,
,,,,,,,,,
,,,,,,,,,
,,,,,,,,,
,,,,,,,,,
,,,,,,,,,
,,,,,,,,,
,,,,,,,,,
,,,,,,,,,
,,,,,,,,,
,,,,,,,,,
,,,,,,,,,
,,,,,,,,,
,,,,,,,,,
,,,,,,,,,
,,,,,,,,,
,,,,,,,,,
,,,,,,,,,
,,,,,,,,,
,,,,,,,,,
,,,,,,,,,
,,,,,,,,,
,,,,,,,,,
,,,,,,,,,
,,,,,,,,,
,,,,,,,,,
,,,,,,,,,
,,,,,,,,,
,,,,,,,,,
,,,,,,,,,
,,,,,,,,,
,,,,,,,,,
,,,,,,,,,
,,,,,,,,,
,,,,,,,,,
,,,,,,,,,
,,,,,,,,,
,,,,,,,,,
,,,,,,,,,
,,,,,,,,,
,,,,,,,,,
,,,,,,,,,
,,,,,,,,,
,,,,,,,,,
,,,,,,,,,
,,,,,,,,,
,,,,,,,,,
,,,,,,,,,
,,,,,,,,,
,,,,,,,,,
,,,,,,,,,
,,,,,,,,,
,,,,,,,,,
,,,,,,,,,
,,,,,,,,,
,,,,,,,,,
,,,,,,,,,
,,,,,,,,,
,,,,,,,,,
,,,,,,,,,
,,,,,,,,,
,,,,,,,,,
,,,,,,,,,
,,,,,,,,,
,,,,,,,,,
,,,,,,,,,
,,,,,,,,,
,,,,,,,,,
,,,,,,,,,
,,,,,,,,,
,,,,,,,,,
,,,,,,,,,
,,,,,,,,,
,,,,,,,,,
,,,,,,,,,
,,,,,,,,,
,,,,,,,,,
,,,,,,,,,
,,,,,,,,,
,,,,,,,,,
,,,,,,,,,
,,,,,,,,,
,,,,,,,,,
,,,,,,,,,
,,,,,,,,,
,,,,,,,,,
,,,,,,,,,
,,,,,,,,,
,,,,,,,,,
,,,,,,,,,
,,,,,,,,,
,,,,,,,,,
,,,,,,,,,
,,,,,,,,,
,,,,,,,,,
,,,,,,,,,
,,,,,,,,,
,,,,,,,,,
,,,,,,,,,
,,,,,,,,,
,,,,,,,,,
,,,,,,,,,
,,,,,,,,,
,,,,,,,,,
,,,,,,,,,
,,,,,,,,,
,,,,,,,,,
,,,,,,,,,
,,,,,,,,,
,,,,,,,,,
,,,,,,,,,
,,,,,,,,,
,,,,,,,,,
,,,,,,,,,
,,,,,,,,,
,,,,,,,,,
,,,,,,,,,
,,,,,,,,,
,,,,,,,,,
,,,,,,,,,
,,,,,,,,,
,,,,,,,,,
,,,,,,,,,
,,,,,,,,,
,,,,,,,,,
,,,,,,,,,
,,,,,,,,,
,,,,,,,,,
,,,,,,,,,
,,,,,,,,,
,,,,,,,,,
,,,,,,,,,
,,,,,,,,,
,,,,,,,,,
,,,,,,,,,
,,,,,,,,,
,,,,,,,,,
,,,,,,,,,
,,,,,,,,,
,,,,,,,,,
,,,,,,,,,
,,,,,,,,,
,,,,,,,,,
,,,,,,,,,
,,,,,,,,,
,,,,,,,,,
,,,,,,,,,
,,,,,,,,,
,,,,,,,,,
,,,,,,,,,
,,,,,,,,,
,,,,,,,,,
,,,,,,,,,
,,,,,,,,,
,,,,,,,,,
,,,,,,,,,
,,,,,,,,,
,,,,,,,,,
,,,,,,,,,
,,,,,,,,,
,,,,,,,,,
,,,,,,,,,
,,,,,,,,,
,,,,,,,,,
,,,,,,,,,
,,,,,,,,,
,,,,,,,,,
,,,,,,,,,
,,,,,,,,,
,,,,,,,,,
,,,,,,,,,
,,,,,,,,,
,,,,,,,,,
,,,,,,,,,
,,,,,,,,,
,,,,,,,,,
,,,,,,,,,
,,,,,,,,,
,,,,,,,,,
,,,,,,,,,
,,,,,,,,,
,,,,,,,,,
,,,,,,,,,
,,,,,,,,,
,,,,,,,,,
,,,,,,,,,
,,,,,,,,,
,,,,,,,,,
,,,,,,,,,
,,,,,,,,,
,,,,,,,,,
,,,,,,,,,
,,,,,,,,,
,,,,,,,,,
,,,,,,,,,
,,,,,,,,,
,,,,,,,,,
,,,,,,,,,
,,,,,,,,,
,,,,,,,,,
,,,,,,,,,
,,,,,,,,,
,,,,,,,,,
,,,,,,,,,
,,,,,,,,,
,,,,,,,,,
,,,,,,,,,
,,,,,,,,,
,,,,,,,,,
,,,,,,,,,
,,,,,,,,,
,,,,,,,,,
,,,,,,,,,
,,,,,,,,,
,,,,,,,,,
,,,,,,,,,
,,,,,,,,,
,,,,,,,,,
,,,,,,,,,
,,,,,,,,,
,,,,,,,,,
,,,,,,,,,
,,,,,,,,,
,,,,,,,,,
,,,,,,,,,
,,,,,,,,,
,,,,,,,,,
,,,,,,,,,
,,,,,,,,,
,,,,,,,,,
,,,,,,,,,
,,,,,,,,,
,,,,,,,,,
,,,,,,,,,
,,,,,,,,,
,,,,,,,,,
,,,,,,,,,
,,,,,,,,,
,,,,,,,,,
,,,,,,,,,
,,,,,,,,,
,,,,,,,,,
,,,,,,,,,
,,,,,,,,,
,,,,,,,,,
,,,,,,,,,
,,,,,,,,,
,,,,,,,,,
,,,,,,,,,
,,,,,,,,,
,,,,,,,,,
,,,,,,,,,
,,,,,,,,,
,,,,,,,,,
,,,,,,,,,
,,,,,,,,,
,,,,,,,,,
,,,,,,,,,
,,,,,,,,,
,,,,,,,,,
,,,,,,,,,
,,,,,,,,,
,,,,,,,,,
,,,,,,,,,
,,,,,,,,,
,,,,,,,,,
,,,,,,,,,
,,,,,,,,,
,,,,,,,,,
,,,,,,,,,
,,,,,,,,,
,,,,,,,,,
,,,,,,,,,
,,,,,,,,,
,,,,,,,,,
,,,,,,,,,
,,,,,,,,,
,,,,,,,,,
,,,,,,,,,
,,,,,,,,,
,,,,,,,,,
,,,,,,,,,
,,,,,,,,,
,,,,,,,,,
,,,,,,,,,
,,,,,,,,,
,,,,,,,,,
,,,,,,,,,
,,,,,,,,,
,,,,,,,,,
,,,,,,,,,
,,,,,,,,,
,,,,,,,,,
,,,,,,,,,
,,,,,,,,,
,,,,,,,,,
,,,,,,,,,
,,,,,,,,,
,,,,,,,,,
,,,,,,,,,
,,,,,,,,,
,,,,,,,,,
,,,,,,,,,
,,,,,,,,,
,,,,,,,,,
,,,,,,,,,
,,,,,,,,,
,,,,,,,,,
,,,,,,,,,
,,,,,,,,,
,,,,,,,,,
,,,,,,,,,
,,,,,,,,,
,,,,,,,,,
,,,,,,,,,
,,,,,,,,,
,,,,,,,,,
,,,,,,,,,
,,,,,,,,,
,,,,,,,,,
,,,,,,,,,
,,,,,,,,,
,,,,,,,,,
,,,,,,,,,
,,,,,,,,,
,,,,,,,,,
,,,,,,,,,
,,,,,,,,,
,,,,,,,,,
,,,,,,,,,
,,,,,,,,,
,,,,,,,,,
,,,,,,,,,
,,,,,,,,,
,,,,,,,,,
,,,,,,,,,
,,,,,,,,,
,,,,,,,,,
,,,,,,,,,
,,,,,,,,,
,,,,,,,,,
,,,,,,,,,
,,,,,,,,,
,,,,,,,,,
,,,,,,,,,
,,,,,,,,,
,,,,,,,,,
,,,,,,,,,
,,,,,,,,,
,,,,,,,,,
,,,,,,,,,
,,,,,,,,,
,,,,,,,,,
,,,,,,,,,
,,,,,,,,,
,,,,,,,,,
,,,,,,,,,
,,,,,,,,,
,,,,,,,,,
,,,,,,,,,
,,,,,,,,,
,,,,,,,,,
,,,,,,,,,
,,,,,,,,,
,,,,,,,,,
,,,,,,,,,
,,,,,,,,,
,,,,,,,,,
,,,,,,,,,
,,,,,,,,,
,,,,,,,,,
,,,,,,,,,
,,,,,,,,,
,,,,,,,,,
,,,,,,,,,
,,,,,,,,,
,,,,,,,,,
,,,,,,,,,
,,,,,,,,,
,,,,,,,,,
,,,,,,,,,
,,,,,,,,,
,,,,,,,,,
,,,,,,,,,
,,,,,,,,,
,,,,,,,,,
,,,,,,,,,
,,,,,,,,,
,,,,,,,,,
,,,,,,,,,
,,,,,,,,,
,,,,,,,,,
,,,,,,,,,
,,,,,,,,,
,,,,,,,,,
,,,,,,,,,
,,,,,,,,,
,,,,,,,,,
,,,,,,,,,
,,,,,,,,,
,,,,,,,,,
,,,,,,,,,
,,,,,,,,,
,,,,,,,,,
,,,,,,,,,
,,,,,,,,,
,,,,,,,,,
,,,,,,,,,
,,,,,,,,,
,,,,,,,,,
,,,,,,,,,
,,,,,,,,,
,,,,,,,,,
,,,,,,,,,
,,,,,,,,,
,,,,,,,,,
,,,,,,,,,
,,,,,,,,,
,,,,,,,,,
,,,,,,,,,
,,,,,,,,,
,,,,,,,,,
,,,,,,,,,
,,,,,,,,,
,,,,,,,,,
,,,,,,,,,
,,,,,,,,,
,,,,,,,,,
,,,,,,,,,
,,,,,,,,,
,,,,,,,,,
,,,,,,,,,
,,,,,,,,,
,,,,,,,,,
,,,,,,,,,
,,,,,,,,,
,,,,,,,,,
,,,,,,,,,
,,,,,,,,,
,,,,,,,,,
,,,,,,,,,
,,,,,,,,,
,,,,,,,,,
,,,,,,,,,
,,,,,,,,,
,,,,,,,,,
,,,,,,,,,
,,,,,,,,,
,,,,,,,,,
,,,,,,,,,
,,,,,,,,,
,,,,,,,,,
,,,,,,,,,
,,,,,,,,,
,,,,,,,,,
,,,,,,,,,
,,,,,,,,,
,,,,,,,,,
,,,,,,,,,
,,,,,,,,,
,,,,,,,,,
,,,,,,,,,
,,,,,,,,,
,,,,,,,,,
,,,,,,,,,
,,,,,,,,,
,,,,,,,,,
,,,,,,,,,
,,,,,,,,,
,,,,,,,,,
,,,,,,,,,
,,,,,,,,,
,,,,,,,,,
,,,,,,,,,
,,,,,,,,,
,,,,,,,,,
,,,,,,,,,
,,,,,,,,,
,,,,,,,,,
,,,,,,,,,
,,,,,,,,,
,,,,,,,,,
,,,,,,,,,
,,,,,,,,,
,,,,,,,,,
,,,,,,,,,
,,,,,,,,,
,,,,,,,,,
,,,,,,,,,
,,,,,,,,,
,,,,,,,,,
,,,,,,,,,
,,,,,,,,,
,,,,,,,,,
,,,,,,,,,
,,,,,,,,,
,,,,,,,,,
,,,,,,,,,
,,,,,,,,,
,,,,,,,,,
,,,,,,,,,
,,,,,,,,,
,,,,,,,,,
,,,,,,,,,
,,,,,,,,,
,,,,,,,,,
,,,,,,,,,
,,,,,,,,,
,,,,,,,,,
,,,,,,,,,
,,,,,,,,,
,,,,,,,,,
,,,,,,,,,
,,,,,,,,,
,,,,,,,,,
,,,,,,,,,
,,,,,,,,,
,,,,,,,,,
,,,,,,,,,
,,,,,,,,,
,,,,,,,,,
,,,,,,,,,
,,,,,,,,,
,,,,,,,,,
,,,,,,,,,
,,,,,,,,,
,,,,,,,,,
,,,,,,,,,
,,,,,,,,,
,,,,,,,,,
,,,,,,,,,
,,,,,,,,,
,,,,,,,,,
,,,,,,,,,
,,,,,,,,,
,,,,,,,,,
,,,,,,,,,
,,,,,,,,,
,,,,,,,,,
,,,,,,,,,
,,,,,,,,,
,,,,,,,,,
,,,,,,,,,
,,,,,,,,,
,,,,,,,,,
,,,,,,,,,
,,,,,,,,,
,,,,,,,,,
,,,,,,,,,
,,,,,,,,,
,,,,,,,,,
,,,,,,,,,
,,,,,,,,,
,,,,,,,,,
,,,,,,,,,
,,,,,,,,,
,,,,,,,,,
,,,,,,,,,
,,,,,,,,,
,,,,,,,,,
,,,,,,,,,
,,,,,,,,,
,,,,,,,,,
,,,,,,,,,
,,,,,,,,,
,,,,,,,,,
,,,,,,,,,
,,,,,,,,,
,,,,,,,,,
,,,,,,,,,
,,,,,,,,,
,,,,,,,,,
,,,,,,,,,
,,,,,,,,,
,,,,,,,,,
,,,,,,,,,
,,,,,,,,,
,,,,,,,,,
,,,,,,,,,
,,,,,,,,,
,,,,,,,,,
,,,,,,,,,
,,,,,,,,,
,,,,,,,,,
,,,,,,,,,
,,,,,,,,,
,,,,,,,,,
,,,,,,,,,
,,,,,,,,,
,,,,,,,,,
,,,,,,,,,
,,,,,,,,,
,,,,,,,,,
,,,,,,,,,
,,,,,,,,,
,,,,,,,,,
,,,,,,,,,
,,,,,,,,,
,,,,,,,,,
,,,,,,,,,
,,,,,,,,,
,,,,,,,,,
,,,,,,,,,
,,,,,,,,,
,,,,,,,,,
,,,,,,,,,
,,,,,,,,,
,,,,,,,,,
,,,,,,,,,
,,,,,,,,,
,,,,,,,,,
,,,,,,,,,
,,,,,,,,,
,,,,,,,,,
,,,,,,,,,
,,,,,,,,,
,,,,,,,,,
,,,,,,,,,
,,,,,,,,,
,,,,,,,,,
,,,,,,,,,
,,,,,,,,,
,,,,,,,,,
,,,,,,,,,
,,,,,,,,,
,,,,,,,,,
,,,,,,,,,
,,,,,,,,,
,,,,,,,,,
,,,,,,,,,
,,,,,,,,,
,,,,,,,,,
,,,,,,,,,
,,,,,,,,,
,,,,,,,,,
,,,,,,,,,
,,,,,,,,,
,,,,,,,,,
,,,,,,,,,
,,,,,,,,,
,,,,,,,,,
,,,,,,,,,
,,,,,,,,,
,,,,,,,,,
,,,,,,,,,
,,,,,,,,,
,,,,,,,,,
,,,,,,,,,
,,,,,,,,,
,,,,,,,,,
,,,,,,,,,
,,,,,,,,,
,,,,,,,,,
,,,,,,,,,
,,,,,,,,,
,,,,,,,,,
,,,,,,,,,
,,,,,,,,,
,,,,,,,,,
,,,,,,,,,
,,,,,,,,,
,,,,,,,,,
,,,,,,,,,
,,,,,,,,,
,,,,,,,,,
,,,,,,,,,
,,,,,,,,,
,,,,,,,,,
,,,,,,,,,
,,,,,,,,,
,,,,,,,,,
,,,,,,,,,
,,,,,,,,,
,,,,,,,,,
,,,,,,,,,
,,,,,,,,,
,,,,,,,,,
,,,,,,,,,
,,,,,,,,,
,,,,,,,,,
,,,,,,,,,
,,,,,,,,,
,,,,,,,,,
,,,,,,,,,
,,,,,,,,,
,,,,,,,,,
,,,,,,,,,
,,,,,,,,,
,,,,,,,,,
,,,,,,,,,
,,,,,,,,,
,,,,,,,,,
,,,,,,,,,
,,,,,,,,,
,,,,,,,,,
,,,,,,,,,
,,,,,,,,,
,,,,,,,,,
,,,,,,,,,
,,,,,,,,,
,,,,,,,,,
,,,,,,,,,
,,,,,,,,,
,,,,,,,,,
,,,,,,,,,
,,,,,,,,,
,,,,,,,,,
,,,,,,,,,
,,,,,,,,,
,,,,,,,,,
,,,,,,,,,
,,,,,,,,,
,,,,,,,,,
,,,,,,,,,
,,,,,,,,,
,,,,,,,,,
,,,,,,,,,
,,,,,,,,,
,,,,,,,,,
,,,,,,,,,
,,,,,,,,,
,,,,,,,,,
,,,,,,,,,
,,,,,,,,,
,,,,,,,,,
,,,,,,,,,
,,,,,,,,,
,,,,,,,,,
,,,,,,,,,
,,,,,,,,,
,,,,,,,,,
,,,,,,,,,
,,,,,,,,,
,,,,,,,,,
,,,,,,,,,
,,,,,,,,,
,,,,,,,,,
,,,,,,,,,
,,,,,,,,,
,,,,,,,,,
,,,,,,,,,
,,,,,,,,,
,,,,,,,,,
,,,,,,,,,
,,,,,,,,,
,,,,,,,,,
,,,,,,,,,
,,,,,,,,,
,,,,,,,,,
,,,,,,,,,
,,,,,,,,,
,,,,,,,,,
,,,,,,,,,
,,,,,,,,,
,,,,,,,,,
,,,,,,,,,
,,,,,,,,,
,,,,,,,,,
,,,,,,,,,
,,,,,,,,,
,,,,,,,,,
,,,,,,,,,
,,,,,,,,,
,,,,,,,,,
,,,,,,,,,
,,,,,,,,,
,,,,,,,,,
,,,,,,,,,
,,,,,,,,,
,,,,,,,,,
,,,,,,,,,
,,,,,,,,,
,,,,,,,,,
,,,,,,,,,
,,,,,,,,,
,,,,,,,,,
,,,,,,,,,
,,,,,,,,,
,,,,,,,,,
,,,,,,,,,
,,,,,,,,,
,,,,,,,,,
,,,,,,,,,
,,,,,,,,,
,,,,,,,,,
,,,,,,,,,
,,,,,,,,,
,,,,,,,,,
,,,,,,,,,
,,,,,,,,,
,,,,,,,,,
,,,,,,,,,
,,,,,,,,,
,,,,,,,,,
,,,,,,,,,
,,,,,,,,,
,,,,,,,,,
,,,,,,,,,
,,,,,,,,,
,,,,,,,,,
,,,,,,,,,
,,,,,,,,,
,,,,,,,,,
,,,,,,,,,
,,,,,,,,,
,,,,,,,,,
,,,,,,,,,
,,,,,,,,,
,,,,,,,,,
,,,,,,,,,
,,,,,,,,,
,,,,,,,,,
,,,,,,,,,
,,,,,,,,,
,,,,,,,,,
,,,,,,,,,
,,,,,,,,,
,,,,,,,,,
,,,,,,,,,
,,,,,,,,,
,,,,,,,,,
,,,,,,,,,
,,,,,,,,,
,,,,,,,,,
,,,,,,,,,
,,,,,,,,,
,,,,,,,,,
,,,,,,,,,
,,,,,,,,,
,,,,,,,,,
,,,,,,,,,
,,,,,,,,,
,,,,,,,,,
,,,,,,,,,
,,,,,,,,,
,,,,,,,,,
,,,,,,,,,
,,,,,,,,,
,,,,,,,,,
,,,,,,,,,
,,,,,,,,,
,,,,,,,,,
,,,,,,,,,
,,,,,,,,,
,,,,,,,,,
,,,,,,,,,
,,,,,,,,,
,,,,,,,,,
,,,,,,,,,
,,,,,,,,,
,,,,,,,,,
,,,,,,,,,
,,,,,,,,,
,,,,,,,,,
,,,,,,,,,
,,,,,,,,,
,,,,,,,,,
,,,,,,,,,
,,,,,,,,,
,,,,,,,,,
,,,,,,,,,
,,,,,,,,,
,,,,,,,,,
,,,,,,,,,
,,,,,,,,,
,,,,,,,,,
,,,,,,,,,
,,,,,,,,,
,,,,,,,,,
,,,,,,,,,
,,,,,,,,,
,,,,,,,,,
,,,,,,,,,
,,,,,,,,,
,,,,,,,,,
,,,,,,,,,
,,,,,,,,,
,,,,,,,,,
,,,,,,,,,
,,,,,,,,,
,,,,,,,,,
,,,,,,,,,
,,,,,,,,,
,,,,,,,,,
,,,,,,,,,
,,,,,,,,,
,,,,,,,,,
,,,,,,,,,
,,,,,,,,,
,,,,,,,,,
,,,,,,,,,
,,,,,,,,,
,,,,,,,,,
,,,,,,,,,
,,,,,,,,,
,,,,,,,,,
,,,,,,,,,
,,,,,,,,,
,,,,,,,,,
,,,,,,,,,
,,,,,,,,,
,,,,,,,,,
,,,,,,,,,
,,,,,,,,,
,,,,,,,,,
,,,,,,,,,
,,,,,,,,,
,,,,,,,,,
,,,,,,,,,
,,,,,,,,,
,,,,,,,,,
,,,,,,,,,
,,,,,,,,,
,,,,,,,,,
,,,,,,,,,
,,,,,,,,,
,,,,,,,,,
,,,,,,,,,
,,,,,,,,,
,,,,,,,,,
,,,,,,,,,
,,,,,,,,,
,,,,,,,,,
,,,,,,,,,
,,,,,,,,,
,,,,,,,,,
,,,,,,,,,
,,,,,,,,,
,,,,,,,,,
,,,,,,,,,
,,,,,,,,,
,,,,,,,,,
,,,,,,,,,
,,,,,,,,,
,,,,,,,,,
,,,,,,,,,
,,,,,,,,,
,,,,,,,,,
,,,,,,,,,
,,,,,,,,,
,,,,,,,,,
,,,,,,,,,
,,,,,,,,,
,,,,,,,,,
,,,,,,,,,
,,,,,,,,,
,,,,,,,,,
,,,,,,,,,
,,,,,,,,,
,,,,,,,,,
,,,,,,,,,
,,,,,,,,,
,,,,,,,,,
,,,,,,,,,
,,,,,,,,,
,,,,,,,,,
,,,,,,,,,
,,,,,,,,,
,,,,,,,,,
,,,,,,,,,
,,,,,,,,,
,,,,,,,,,
,,,,,,,,,
,,,,,,,,,
,,,,,,,,,
,,,,,,,,,
,,,,,,,,,
,,,,,,,,,
,,,,,,,,,
,,,,,,,,,
,,,,,,,,,
,,,,,,,,,
,,,,,,,,,
,,,,,,,,,
,,,,,,,,,
,,,,,,,,,
,,,,,,,,,
,,,,,,,,,
,,,,,,,,,
,,,,,,,,,
,,,,,,,,,
,,,,,,,,,
,,,,,,,,,
,,,,,,,,,
,,,,,,,,,
,,,,,,,,,
,,,,,,,,,
,,,,,,,,,
,,,,,,,,,
,,,,,,,,,
,,,,,,,,,
,,,,,,,,,
,,,,,,,,,
,,,,,,,,,
,,,,,,,,,
,,,,,,,,,
,,,,,,,,,
,,,,,,,,,
,,,,,,,,,
,,,,,,,,,
,,,,,,,,,
,,,,,,,,,
,,,,,,,,,
,,,,,,,,,
,,,,,,,,,
,,,,,,,,,
,,,,,,,,,
,,,,,,,,,
,,,,,,,,,
,,,,,,,,,
,,,,,,,,,
,,,,,,,,,
,,,,,,,,,
,,,,,,,,,
,,,,,,,,,
,,,,,,,,,
,,,,,,,,,
,,,,,,,,,
,,,,,,,,,
,,,,,,,,,
,,,,,,,,,
,,,,,,,,,
,,,,,,,,,
,,,,,,,,,
,,,,,,,,,
,,,,,,,,,
,,,,,,,,,
,,,,,,,,,
,,,,,,,,,
,,,,,,,,,
,,,,,,,,,
,,,,,,,,,
,,,,,,,,,
,,,,,,,,,
,,,,,,,,,
,,,,,,,,,
,,,,,,,,,
,,,,,,,,,
,,,,,,,,,
,,,,,,,,,
,,,,,,,,,
,,,,,,,,,
,,,,,,,,,
,,,,,,,,,
,,,,,,,,,
,,,,,,,,,
,,,,,,,,,
,,,,,,,,,
,,,,,,,,,
,,,,,,,,,
,,,,,,,,,
,,,,,,,,,
,,,,,,,,,
,,,,,,,,,
,,,,,,,,,
,,,,,,,,,
,,,,,,,,,
,,,,,,,,,
,,,,,,,,,
,,,,,,,,,
,,,,,,,,,
,,,,,,,,,
,,,,,,,,,
,,,,,,,,,
,,,,,,,,,
,,,,,,,,,
,,,,,,,,,
,,,,,,,,,
,,,,,,,,,
,,,,,,,,,
,,,,,,,,,
,,,,,,,,,
,,,,,,,,,
,,,,,,,,,
,,,,,,,,,
,,,,,,,,,
,,,,,,,,,
,,,,,,,,,
,,,,,,,,,
,,,,,,,,,
,,,,,,,,,
,,,,,,,,,
,,,,,,,,,
,,,,,,,,,
,,,,,,,,,
,,,,,,,,,
,,,,,,,,,
,,,,,,,,,
,,,,,,,,,
,,,,,,,,,
,,,,,,,,,
,,,,,,,,,
,,,,,,,,,
,,,,,,,,,
,,,,,,,,,
,,,,,,,,,
,,,,,,,,,
,,,,,,,,,
,,,,,,,,,
,,,,,,,,,
,,,,,,,,,
,,,,,,,,,
,,,,,,,,,
,,,,,,,,,
,,,,,,,,,
,,,,,,,,,
,,,,,,,,,
,,,,,,,,,
,,,,,,,,,
,,,,,,,,,
,,,,,,,,,
,,,,,,,,,
,,,,,,,,,
,,,,,,,,,
,,,,,,,,,
,,,,,,,,,
,,,,,,,,,
,,,,,,,,,
,,,,,,,,,
,,,,,,,,,
,,,,,,,,,
,,,,,,,,,
,,,,,,,,,
,,,,,,,,,
,,,,,,,,,
,,,,,,,,,
,,,,,,,,,
,,,,,,,,,
,,,,,,,,,
,,,,,,,,,
,,,,,,,,,
,,,,,,,,,
,,,,,,,,,
,,,,,,,,,
,,,,,,,,,
,,,,,,,,,
,,,,,,,,,
,,,,,,,,,
,,,,,,,,,
,,,,,,,,,
,,,,,,,,,
,,,,,,,,,
,,,,,,,,,
,,,,,,,,,
,,,,,,,,,
,,,,,,,,,
,,,,,,,,,
,,,,,,,,,
,,,,,,,,,
,,,,,,,,,
,,,,,,,,,
,,,,,,,,,
,,,,,,,,,
,,,,,,,,,
,,,,,,,,,
,,,,,,,,,
,,,,,,,,,
,,,,,,,,,
,,,,,,,,,
,,,,,,,,,
,,,,,,,,,
,,,,,,,,,
,,,,,,,,,
,,,,,,,,,
,,,,,,,,,
,,,,,,,,,
,,,,,,,,,
,,,,,,,,,
,,,,,,,,,
,,,,,,,,,
,,,,,,,,,
,,,,,,,,,
,,,,,,,,,
,,,,,,,,,
,,,,,,,,,
,,,,,,,,,
,,,,,,,,,
,,,,,,,,,
,,,,,,,,,
,,,,,,,,,
,,,,,,,,,
,,,,,,,,,
,,,,,,,,,
,,,,,,,,,
,,,,,,,,,
,,,,,,,,,
,,,,,,,,,
,,,,,,,,,
,,,,,,,,,
,,,,,,,,,
,,,,,,,,,
,,,,,,,,,
,,,,,,,,,
,,,,,,,,,
,,,,,,,,,
,,,,,,,,,
,,,,,,,,,
,,,,,,,,,
,,,,,,,,,
,,,,,,,,,
,,,,,,,,,
,,,,,,,,,
,,,,,,,,,
,,,,,,,,,
,,,,,,,,,
,,,,,,,,,
,,,,,,,,,
,,,,,,,,,
,,,,,,,,,
,,,,,,,,,
,,,,,,,,,
,,,,,,,,,
,,,,,,,,,
,,,,,,,,,
,,,,,,,,,
,,,,,,,,,
,,,,,,,,,
,,,,,,,,,
,,,,,,,,,
,,,,,,,,,
,,,,,,,,,
,,,,,,,,,
,,,,,,,,,
,,,,,,,,,
,,,,,,,,,
,,,,,,,,,
,,,,,,,,,
,,,,,,,,,
,,,,,,,,,
,,,,,,,,,
,,,,,,,,,
,,,,,,,,,
,,,,,,,,,
,,,,,,,,,
,,,,,,,,,
,,,,,,,,,
,,,,,,,,,
,,,,,,,,,
,,,,,,,,,
,,,,,,,,,
,,,,,,,,,
,,,,,,,,,
,,,,,,,,,
,,,,,,,,,
,,,,,,,,,
,,,,,,,,,
,,,,,,,,,
,,,,,,,,,
,,,,,,,,,
,,,,,,,,,
,,,,,,,,,
,,,,,,,,,
,,,,,,,,,
,,,,,,,,,
,,,,,,,,,
,,,,,,,,,
,,,,,,,,,
,,,,,,,,,
,,,,,,,,,
,,,,,,,,,
,,,,,,,,,
,,,,,,,,,
,,,,,,,,,
,,,,,,,,,
,,,,,,,,,
,,,,,,,,,
,,,,,,,,,
,,,,,,,,,
,,,,,,,,,
,,,,,,,,,
,,,,,,,,,
,,,,,,,,,
,,,,,,,,,
,,,,,,,,,
,,,,,,,,,
,,,,,,,,,
,,,,,,,,,
,,,,,,,,,
,,,,,,,,,
,,,,,,,,,
,,,,,,,,,
,,,,,,,,,
,,,,,,,,,
,,,,,,,,,
,,,,,,,,,
,,,,,,,,,
,,,,,,,,,
,,,,,,,,,
,,,,,,,,,
,,,,,,,,,
,,,,,,,,,
,,,,,,,,,
,,,,,,,,,
,,,,,,,,,
,,,,,,,,,
,,,,,,,,,
,,,,,,,,,
,,,,,,,,,
,,,,,,,,,
,,,,,,,,,
,,,,,,,,,
,,,,,,,,,
,,,,,,,,,
,,,,,,,,,
,,,,,,,,,
,,,,,,,,,
,,,,,,,,,
,,,,,,,,,
,,,,,,,,,
,,,,,,,,,
,,,,,,,,,
,,,,,,,,,
,,,,,,,,,
,,,,,,,,,
,,,,,,,,,
,,,,,,,,,
,,,,,,,,,
,,,,,,,,,
,,,,,,,,,
,,,,,,,,,
,,,,,,,,,
,,,,,,,,,
,,,,,,,,,
,,,,,,,,,
,,,,,,,,,
,,,,,,,,,
,,,,,,,,,
,,,,,,,,,
,,,,,,,,,
,,,,,,,,,
,,,,,,,,,
,,,,,,,,,
,,,,,,,,,
,,,,,,,,,
,,,,,,,,,
,,,,,,,,,
,,,,,,,,,
,,,,,,,,,
,,,,,,,,,
,,,,,,,,,
,,,,,,,,,
,,,,,,,,,
,,,,,,,,,
,,,,,,,,,
,,,,,,,,,
,,,,,,,,,
,,,,,,,,,
,,,,,,,,,
,,,,,,,,,
,,,,,,,,,
,,,,,,,,,
,,,,,,,,,
,,,,,,,,,
,,,,,,,,,
,,,,,,,,,
,,,,,,,,,
,,,,,,,,,
,,,,,,,,,
,,,,,,,,,
,,,,,,,,,
,,,,,,,,,
,,,,,,,,,
,,,,,,,,,
,,,,,,,,,
,,,,,,,,,
,,,,,,,,,
,,,,,,,,,
,,,,,,,,,
,,,,,,,,,
,,,,,,,,,
,,,,,,,,,
,,,,,,,,,
,,,,,,,,,
,,,,,,,,,
,,,,,,,,,
,,,,,,,,,
,,,,,,,,,
,,,,,,,,,
,,,,,,,,,
,,,,,,,,,
,,,,,,,,,
,,,,,,,,,
,,,,,,,,,
,,,,,,,,,
,,,,,,,,,
,,,,,,,,,
,,,,,,,,,
,,,,,,,,,
,,,,,,,,,
,,,,,,,,,
,,,,,,,,,
,,,,,,,,,
,,,,,,,,,
,,,,,,,,,
,,,,,,,,,
,,,,,,,,,
,,,,,,,,,
,,,,,,,,,
,,,,,,,,,
,,,,,,,,,
,,,,,,,,,
,,,,,,,,,
,,,,,,,,,
,,,,,,,,,
,,,,,,,,,
,,,,,,,,,
,,,,,,,,,
,,,,,,,,,
,,,,,,,,,
,,,,,,,,,
,,,,,,,,,
,,,,,,,,,
,,,,,,,,,
,,,,,,,,,
,,,,,,,,,
,,,,,,,,,
,,,,,,,,,
,,,,,,,,,
,,,,,,,,,
,,,,,,,,,
,,,,,,,,,
,,,,,,,,,
,,,,,,,,,
,,,,,,,,,
,,,,,,,,,
,,,,,,,,,
,,,,,,,,,
,,,,,,,,,
,,,,,,,,,
,,,,,,,,,
,,,,,,,,,
,,,,,,,,,
,,,,,,,,,
,,,,,,,,,
,,,,,,,,,
,,,,,,,,,
,,,,,,,,,
,,,,,,,,,
,,,,,,,,,
,,,,,,,,,
,,,,,,,,,
,,,,,,,,,
,,,,,,,,,
,,,,,,,,,
,,,,,,,,,
,,,,,,,,,
,,,,,,,,,
,,,,,,,,,
,,,,,,,,,
,,,,,,,,,
,,,,,,,,,
,,,,,,,,,
,,,,,,,,,
,,,,,,,,,
,,,,,,,,,
,,,,,,,,,
,,,,,,,,,
,,,,,,,,,
,,,,,,,,,
,,,,,,,,,
,,,,,,,,,
,,,,,,,,,
,,,,,,,,,
,,,,,,,,,
,,,,,,,,,
,,,,,,,,,
,,,,,,,,,
,,,,,,,,,
,,,,,,,,,
,,,,,,,,,
,,,,,,,,,
,,,,,,,,,
,,,,,,,,,
,,,,,,,,,
,,,,,,,,,
,,,,,,,,,
,,,,,,,,,
,,,,,,,,,
,,,,,,,,,
,,,,,,,,,
,,,,,,,,,
,,,,,,,,,
,,,,,,,,,
,,,,,,,,,
,,,,,,,,,
,,,,,,,,,
,,,,,,,,,
,,,,,,,,,
,,,,,,,,,
,,,,,,,,,
,,,,,,,,,
,,,,,,,,,
,,,,,,,,,
,,,,,,,,,
,,,,,,,,,
,,,,,,,,,
,,,,,,,,,
,,,,,,,,,
,,,,,,,,,
,,,,,,,,,
,,,,,,,,,
,,,,,,,,,
,,,,,,,,,
,,,,,,,,,
,,,,,,,,,
,,,,,,,,,
,,,,,,,,,
,,,,,,,,,
,,,,,,,,,
,,,,,,,,,
,,,,,,,,,
,,,,,,,,,
,,,,,,,,,
,,,,,,,,,
,,,,,,,,,
,,,,,,,,,
,,,,,,,,,
,,,,,,,,,
,,,,,,,,,
,,,,,,,,,
,,,,,,,,,
,,,,,,,,,
,,,,,,,,,
,,,,,,,,,
,,,,,,,,,
,,,,,,,,,
,,,,,,,,,
,,,,,,,,,
,,,,,,,,,
,,,,,,,,,
,,,,,,,,,
,,,,,,,,,
,,,,,,,,,
,,,,,,,,,
,,,,,,,,,
,,,,,,,,,
,,,,,,,,,
,,,,,,,,,
,,,,,,,,,
,,,,,,,,,
,,,,,,,,,
,,,,,,,,,
,,,,,,,,,
,,,,,,,,,
,,,,,,,,,
,,,,,,,,,
,,,,,,,,,
,,,,,,,,,
,,,,,,,,,
,,,,,,,,,
,,,,,,,,,
,,,,,,,,,
,,,,,,,,,
,,,,,,,,,
,,,,,,,,,
,,,,,,,,,
,,,,,,,,,
,,,,,,,,,
,,,,,,,,,
,,,,,,,,,
,,,,,,,,,
,,,,,,,,,
,,,,,,,,,
,,,,,,,,,
,,,,,,,,,
,,,,,,,,,
,,,,,,,,,
,,,,,,,,,
,,,,,,,,,
,,,,,,,,,
,,,,,,,,,
,,,,,,,,,
,,,,,,,,,
,,,,,,,,,
,,,,,,,,,
,,,,,,,,,
,,,,,,,,,
,,,,,,,,,
,,,,,,,,,
,,,,,,,,,
,,,,,,,,,
,,,,,,,,,
,,,,,,,,,
,,,,,,,,,
,,,,,,,,,
,,,,,,,,,
,,,,,,,,,
,,,,,,,,,
,,,,,,,,,
,,,,,,,,,
,,,,,,,,,
,,,,,,,,,
,,,,,,,,,
,,,,,,,,,
,,,,,,,,,
,,,,,,,,,
,,,,,,,,,
,,,,,,,,,
,,,,,,,,,
,,,,,,,,,
,,,,,,,,,
,,,,,,,,,
,,,,,,,,,
,,,,,,,,,
,,,,,,,,,
,,,,,,,,,
,,,,,,,,,
,,,,,,,,,
,,,,,,,,,
,,,,,,,,,
,,,,,,,,,
,,,,,,,,,
,,,,,,,,,
,,,,,,,,,
,,,,,,,,,
,,,,,,,,,
,,,,,,,,,
,,,,,,,,,
,,,,,,,,,
,,,,,,,,,
,,,,,,,,,
,,,,,,,,,
,,,,,,,,,
,,,,,,,,,
,,,,,,,,,
,,,,,,,,,
,,,,,,,,,
,,,,,,,,,
,,,,,,,,,
,,,,,,,,,
,,,,,,,,,
,,,,,,,,,
,,,,,,,,,
,,,,,,,,,
,,,,,,,,,
,,,,,,,,,
,,,,,,,,,
,,,,,,,,,
,,,,,,,,,
,,,,,,,,,
,,,,,,,,,
,,,,,,,,,
,,,,,,,,,
,,,,,,,,,
,,,,,,,,,
,,,,,,,,,
,,,,,,,,,
,,,,,,,,,
,,,,,,,,,
,,,,,,,,,
,,,,,,,,,
,,,,,,,,,
,,,,,,,,,
,,,,,,,,,
,,,,,,,,,
,,,,,,,,,
,,,,,,,,,
,,,,,,,,,
,,,,,,,,,
,,,,,,,,,
,,,,,,,,,
,,,,,,,,,
,,,,,,,,,
,,,,,,,,,
,,,,,,,,,
,,,,,,,,,
,,,,,,,,,
,,,,,,,,,
,,,,,,,,,
,,,,,,,,,
,,,,,,,,,
,,,,,,,,,
,,,,,,,,,
,,,,,,,,,
,,,,,,,,,
,,,,,,,,,
,,,,,,,,,
,,,,,,,,,
,,,,,,,,,
,,,,,,,,,
,,,,,,,,,
,,,,,,,,,
,,,,,,,,,
,,,,,,,,,
,,,,,,,,,
,,,,,,,,,
,,,,,,,,,
,,,,,,,,,
,,,,,,,,,
,,,,,,,,,
,,,,,,,,,
,,,,,,,,,
,,,,,,,,,
,,,,,,,,,
,,,,,,,,,
,,,,,,,,,
,,,,,,,,,
,,,,,,,,,
,,,,,,,,,
,,,,,,,,,
,,,,,,,,,
,,,,,,,,,
,,,,,,,,,
,,,,,,,,,
,,,,,,,,,
,,,,,,,,,
,,,,,,,,,
,,,,,,,,,
,,,,,,,,,
,,,,,,,,,
,,,,,,,,,
,,,,,,,,,
,,,,,,,,,
,,,,,,,,,
,,,,,,,,,
,,,,,,,,,
,,,,,,,,,
,,,,,,,,,
,,,,,,,,,
,,,,,,,,,
,,,,,,,,,
,,,,,,,,,
,,,,,,,,,
,,,,,,,,,
,,,,,,,,,
,,,,,,,,,
,,,,,,,,,
,,,,,,,,,
,,,,,,,,,
,,,,,,,,,
,,,,,,,,,
,,,,,,,,,
,,,,,,,,,
,,,,,,,,,
,,,,,,,,,
,,,,,,,,,
,,,,,,,,,
,,,,,,,,,
,,,,,,,,,
,,,,,,,,,
,,,,,,,,,
,,,,,,,,,
,,,,,,,,,
,,,,,,,,,
,,,,,,,,,
,,,,,,,,,
,,,,,,,,,
,,,,,,,,,
,,,,,,,,,
,,,,,,,,,
,,,,,,,,,
,,,,,,,,,
,,,,,,,,,
,,,,,,,,,
,,,,,,,,,
,,,,,,,,,
,,,,,,,,,
,,,,,,,,,
,,,,,,,,,
,,,,,,,,,
,,,,,,,,,
,,,,,,,,,
,,,,,,,,,
,,,,,,,,,
,,,,,,,,,
,,,,,,,,,
,,,,,,,,,
,,,,,,,,,
,,,,,,,,,
,,,,,,,,,
,,,,,,,,,
,,,,,,,,,
,,,,,,,,,
,,,,,,,,,
,,,,,,,,,
,,,,,,,,,
,,,,,,,,,
,,,,,,,,,
,,,,,,,,,
,,,,,,,,,
,,,,,,,,,
,,,,,,,,,
,,,,,,,,,
,,,,,,,,,
,,,,,,,,,
,,,,,,,,,
,,,,,,,,,
,,,,,,,,,
,,,,,,,,,
,,,,,,,,,
,,,,,,,,,
,,,,,,,,,
,,,,,,,,,
,,,,,,,,,
,,,,,,,,,
,,,,,,,,,
,,,,,,,,,
,,,,,,,,,
,,,,,,,,,
,,,,,,,,,
,,,,,,,,,
,,,,,,,,,
,,,,,,,,,
,,,,,,,,,
,,,,,,,,,
,,,,,,,,,
,,,,,,,,,
,,,,,,,,,
,,,,,,,,,
,,,,,,,,,
,,,,,,,,,
,,,,,,,,,
,,,,,,,,,
,,,,,,,,,
,,,,,,,,,
,,,,,,,,,
,,,,,,,,,
,,,,,,,,,
,,,,,,,,,
,,,,,,,,,
,,,,,,,,,
,,,,,,,,,
,,,,,,,,,
,,,,,,,,,
,,,,,,,,,
,,,,,,,,,
,,,,,,,,,
,,,,,,,,,
,,,,,,,,,
,,,,,,,,,
,,,,,,,,,
,,,,,,,,,
,,,,,,,,,
,,,,,,,,,
,,,,,,,,,
,,,,,,,,,
,,,,,,,,,
,,,,,,,,,
,,,,,,,,,
,,,,,,,,,
,,,,,,,,,
,,,,,,,,,
,,,,,,,,,
,,,,,,,,,
,,,,,,,,,
,,,,,,,,,
,,,,,,,,,
,,,,,,,,,
,,,,,,,,,
,,,,,,,,,
,,,,,,,,,
,,,,,,,,,
,,,,,,,,,
,,,,,,,,,
,,,,,,,,,
,,,,,,,,,
,,,,,,,,,
,,,,,,,,,
,,,,,,,,,
,,,,,,,,,
,,,,,,,,,
,,,,,,,,,
,,,,,,,,,
,,,,,,,,,
,,,,,,,,,
,,,,,,,,,
,,,,,,,,,
,,,,,,,,,
,,,,,,,,,
,,,,,,,,,
,,,,,,,,,
,,,,,,,,,
,,,,,,,,,
,,,,,,,,,
,,,,,,,,,
,,,,,,,,,
,,,,,,,,,
,,,,,,,,,
,,,,,,,,,
,,,,,,,,,
,,,,,,,,,
,,,,,,,,,
,,,,,,,,,
,,,,,,,,,
,,,,,,,,,
,,,,,,,,,
,,,,,,,,,
,,,,,,,,,
,,,,,,,,,
,,,,,,,,,
,,,,,,,,,
,,,,,,,,,
,,,,,,,,,
,,,,,,,,,
,,,,,,,,,
,,,,,,,,,
,,,,,,,,,
,,,,,,,,,
,,,,,,,,,
,,,,,,,,,
,,,,,,,,,
,,,,,,,,,
,,,,,,,,,
,,,,,,,,,
,,,,,,,,,
,,,,,,,,,
,,,,,,,,,
,,,,,,,,,
,,,,,,,,,
,,,,,,,,,
,,,,,,,,,
,,,,,,,,,
,,,,,,,,,
,,,,,,,,,
,,,,,,,,,
,,,,,,,,,
,,,,,,,,,
,,,,,,,,,
,,,,,,,,,
,,,,,,,,,
,,,,,,,,,
,,,,,,,,,
,,,,,,,,,
,,,,,,,,,
,,,,,,,,,
,,,,,,,,,
,,,,,,,,,
,,,,,,,,,
,,,,,,,,,
,,,,,,,,,
,,,,,,,,,
,,,,,,,,,
,,,,,,,,,
,,,,,,,,,
,,,,,,,,,
,,,,,,,,,
,,,,,,,,,
,,,,,,,,,
,,,,,,,,,
,,,,,,,,,
,,,,,,,,,
,,,,,,,,,
,,,,,,,,,
,,,,,,,,,
,,,,,,,,,
,,,,,,,,,
,,,,,,,,,
,,,,,,,,,
,,,,,,,,,
,,,,,,,,,
,,,,,,,,,
,,,,,,,,,
,,,,,,,,,
,,,,,,,,,
,,,,,,,,,
,,,,,,,,,
,,,,,,,,,
,,,,,,,,,
,,,,,,,,,
,,,,,,,,,
,,,,,,,,,
,,,,,,,,,
,,,,,,,,,
,,,,,,,,,
,,,,,,,,,
,,,,,,,,,
,,,,,,,,,
,,,,,,,,,
,,,,,,,,,
,,,,,,,,,
,,,,,,,,,
,,,,,,,,,
,,,,,,,,,
,,,,,,,,,
,,,,,,,,,
,,,,,,,,,
,,,,,,,,,
,,,,,,,,,
,,,,,,,,,
,,,,,,,,,
,,,,,,,,,
,,,,,,,,,
,,,,,,,,,
,,,,,,,,,
,,,,,,,,,
,,,,,,,,,
,,,,,,,,,
,,,,,,,,,
,,,,,,,,,
,,,,,,,,,
,,,,,,,,,
,,,,,,,,,
,,,,,,,,,
,,,,,,,,,
,,,,,,,,,
,,,,,,,,,
,,,,,,,,,
,,,,,,,,,
,,,,,,,,,
,,,,,,,,,
,,,,,,,,,
,,,,,,,,,
,,,,,,,,,
,,,,,,,,,
,,,,,,,,,
,,,,,,,,,
,,,,,,,,,
,,,,,,,,,
,,,,,,,,,
,,,,,,,,,
,,,,,,,,,
,,,,,,,,,
,,,,,,,,,
,,,,,,,,,
,,,,,,,,,
,,,,,,,,,
,,,,,,,,,
,,,,,,,,,
,,,,,,,,,
,,,,,,,,,
,,,,,,,,,
,,,,,,,,,
,,,,,,,,,
,,,,,,,,,
,,,,,,,,,
,,,,,,,,,
,,,,,,,,,
,,,,,,,,,
,,,,,,,,,
,,,,,,,,,
,,,,,,,,,
,,,,,,,,,
,,,,,,,,,
,,,,,,,,,
,,,,,,,,,
,,,,,,,,,
,,,,,,,,,
,,,,,,,,,
,,,,,,,,,
,,,,,,,,,
,,,,,,,,,
,,,,,,,,,
,,,,,,,,,
,,,,,,,,,
,,,,,,,,,
,,,,,,,,,
,,,,,,,,,
,,,,,,,,,
,,,,,,,,,
,,,,,,,,,
,,,,,,,,,
,,,,,,,,,
,,,,,,,,,
,,,,,,,,,
,,,,,,,,,
,,,,,,,,,
,,,,,,,,,
,,,,,,,,,
,,,,,,,,,
,,,,,,,,,
,,,,,,,,,
,,,,,,,,,
,,,,,,,,,
,,,,,,,,,
,,,,,,,,,
,,,,,,,,,
,,,,,,,,,
,,,,,,,,,
,,,,,,,,,
,,,,,,,,,
,,,,,,,,,
,,,,,,,,,
,,,,,,,,,
,,,,,,,,,
,,,,,,,,,
,,,,,,,,,
,,,,,,,,,
,,,,,,,,,
,,,,,,,,,
,,,,,,,,,
,,,,,,,,,
,,,,,,,,,
,,,,,,,,,
,,,,,,,,,
,,,,,,,,,
,,,,,,,,,
,,,,,,,,,
,,,,,,,,,
,,,,,,,,,
,,,,,,,,,
,,,,,,,,,
,,,,,,,,,
,,,,,,,,,
,,,,,,,,,
,,,,,,,,,
,,,,,,,,,
,,,,,,,,,
,,,,,,,,,
,,,,,,,,,
,,,,,,,,,
,,,,,,,,,
,,,,,,,,,
,,,,,,,,,
,,,,,,,,,
,,,,,,,,,
,,,,,,,,,
,,,,,,,,,
,,,,,,,,,
,,,,,,,,,
,,,,,,,,,
,,,,,,,,,
,,,,,,,,,
,,,,,,,,,
,,,,,,,,,
,,,,,,,,,
,,,,,,,,,
,,,,,,,,,
,,,,,,,,,
,,,,,,,,,
,,,,,,,,,
,,,,,,,,,
,,,,,,,,,
,,,,,,,,,
,,,,,,,,,
,,,,,,,,,
,,,,,,,,,
,,,,,,,,,
,,,,,,,,,
,,,,,,,,,
,,,,,,,,,
,,,,,,,,,
,,,,,,,,,
,,,,,,,,,
,,,,,,,,,
,,,,,,,,,
,,,,,,,,,
,,,,,,,,,
,,,,,,,,,
,,,,,,,,,
,,,,,,,,,
,,,,,,,,,
,,,,,,,,,
,,,,,,,,,
,,,,,,,,,
,,,,,,,,,
,,,,,,,,,
,,,,,,,,,
,,,,,,,,,
,,,,,,,,,
,,,,,,,,,
,,,,,,,,,
,,,,,,,,,
,,,,,,,,,
,,,,,,,,,
,,,,,,,,,
,,,,,,,,,
,,,,,,,,,
,,,,,,,,,
,,,,,,,,,
,,,,,,,,,
,,,,,,,,,
,,,,,,,,,
,,,,,,,,,
,,,,,,,,,
,,,,,,,,,
,,,,,,,,,
,,,,,,,,,
,,,,,,,,,
,,,,,,,,,
,,,,,,,,,
,,,,,,,,,
,,,,,,,,,
,,,,,,,,,
,,,,,,,,,
,,,,,,,,,
,,,,,,,,,
,,,,,,,,,
,,,,,,,,,
,,,,,,,,,
,,,,,,,,,
,,,,,,,,,
,,,,,,,,,
,,,,,,,,,
,,,,,,,,,
,,,,,,,,,
,,,,,,,,,
,,,,,,,,,
,,,,,,,,,
,,,,,,,,,
,,,,,,,,,
,,,,,,,,,
,,,,,,,,,
,,,,,,,,,
,,,,,,,,,
,,,,,,,,,
,,,,,,,,,
,,,,,,,,,
,,,,,,,,,
,,,,,,,,,
,,,,,,,,,
,,,,,,,,,
,,,,,,,,,
,,,,,,,,,
,,,,,,,,,
,,,,,,,,,
,,,,,,,,,
,,,,,,,,,
,,,,,,,,,
,,,,,,,,,
,,,,,,,,,
,,,,,,,,,
,,,,,,,,,
,,,,,,,,,
,,,,,,,,,
,,,,,,,,,
,,,,,,,,,
,,,,,,,,,
,,,,,,,,,
,,,,,,,,,
,,,,,,,,,
,,,,,,,,,
,,,,,,,,,
,,,,,,,,,
,,,,,,,,,
,,,,,,,,,
,,,,,,,,,
,,,,,,,,,
,,,,,,,,,
,,,,,,,,,
,,,,,,,,,
,,,,,,,,,
,,,,,,,,,
,,,,,,,,,
,,,,,,,,,
,,,,,,,,,
,,,,,,,,,
,,,,,,,,,
,,,,,,,,,
,,,,,,,,,
,,,,,,,,,
,,,,,,,,,
,,,,,,,,,
,,,,,,,,,
,,,,,,,,,
,,,,,,,,,
,,,,,,,,,
,,,,,,,,,
,,,,,,,,,
,,,,,,,,,
,,,,,,,,,
,,,,,,,,,
,,,,,,,,,
,,,,,,,,,
,,,,,,,,,
,,,,,,,,,
,,,,,,,,,
,,,,,,,,,
,,,,,,,,,
,,,,,,,,,
,,,,,,,,,
,,,,,,,,,
,,,,,,,,,
,,,,,,,,,
,,,,,,,,,
,,,,,,,,,
,,,,,,,,,
,,,,,,,,,
,,,,,,,,,
,,,,,,,,,
,,,,,,,,,
,,,,,,,,,
,,,,,,,,,
,,,,,,,,,
,,,,,,,,,
,,,,,,,,,
,,,,,,,,,
,,,,,,,,,
,,,,,,,,,
,,,,,,,,,
,,,,,,,,,
,,,,,,,,,
,,,,,,,,,
,,,,,,,,,
,,,,,,,,,
,,,,,,,,,
,,,,,,,,,
,,,,,,,,,
,,,,,,,,,
,,,,,,,,,
,,,,,,,,,
,,,,,,,,,
,,,,,,,,,
,,,,,,,,,
,,,,,,,,,
,,,,,,,,,
,,,,,,,,,
,,,,,,,,,
,,,,,,,,,
,,,,,,,,,
,,,,,,,,,
,,,,,,,,,
,,,,,,,,,
,,,,,,,,,
,,,,,,,,,
,,,,,,,,,
,,,,,,,,,
,,,,,,,,,
,,,,,,,,,
,,,,,,,,,
,,,,,,,,,
,,,,,,,,,
,,,,,,,,,
,,,,,,,,,
,,,,,,,,,
,,,,,,,,,
,,,,,,,,,
,,,,,,,,,
,,,,,,,,,
,,,,,,,,,
,,,,,,,,,
,,,,,,,,,
,,,,,,,,,
,,,,,,,,,
,,,,,,,,,
,,,,,,,,,
,,,,,,,,,
,,,,,,,,,
,,,,,,,,,
,,,,,,,,,
,,,,,,,,,
,,,,,,,,,
,,,,,,,,,
,,,,,,,,,
,,,,,,,,,
,,,,,,,,,
,,,,,,,,,
,,,,,,,,,
,,,,,,,,,
,,,,,,,,,
,,,,,,,,,
,,,,,,,,,
,,,,,,,,,
,,,,,,,,,
,,,,,,,,,
,,,,,,,,,
,,,,,,,,,
,,,,,,,,,
,,,,,,,,,
,,,,,,,,,
,,,,,,,,,
,,,,,,,,,
,,,,,,,,,
,,,,,,,,,
,,,,,,,,,
,,,,,,,,,
,,,,,,,,,
,,,,,,,,,
,,,,,,,,,
,,,,,,,,,
,,,,,,,,,
,,,,,,,,,
,,,,,,,,,
,,,,,,,,,
,,,,,,,,,
,,,,,,,,,
,,,,,,,,,
,,,,,,,,,
,,,,,,,,,
,,,,,,,,,
,,,,,,,,,
,,,,,,,,,
,,,,,,,,,
,,,,,,,,,
,,,,,,,,,
,,,,,,,,,
,,,,,,,,,
,,,,,,,,,
,,,,,,,,,
,,,,,,,,,
,,,,,,,,,
,,,,,,,,,
,,,,,,,,,
,,,,,,,,,
,,,,,,,,,
,,,,,,,,,
,,,,,,,,,
,,,,,,,,,
,,,,,,,,,
,,,,,,,,,
,,,,,,,,,
,,,,,,,,,
,,,,,,,,,
,,,,,,,,,
,,,,,,,,,
,,,,,,,,,
,,,,,,,,,
,,,,,,,,,
,,,,,,,,,
,,,,,,,,,
,,,,,,,,,
,,,,,,,,,
,,,,,,,,,
,,,,,,,,,
,,,,,,,,,
,,,,,,,,,
,,,,,,,,,
,,,,,,,,,
,,,,,,,,,
,,,,,,,,,
,,,,,,,,,
,,,,,,,,,
,,,,,,,,,
,,,,,,,,,
,,,,,,,,,
,,,,,,,,,
,,,,,,,,,
,,,,,,,,,
,,,,,,,,,
,,,,,,,,,
,,,,,,,,,
,,,,,,,,,
,,,,,,,,,
,,,,,,,,,
,,,,,,,,,
,,,,,,,,,
,,,,,,,,,
,,,,,,,,,
,,,,,,,,,
,,,,,,,,,
,,,,,,,,,
,,,,,,,,,
,,,,,,,,,
,,,,,,,,,
,,,,,,,,,
,,,,,,,,,
,,,,,,,,,
,,,,,,,,,
,,,,,,,,,
,,,,,,,,,
,,,,,,,,,
,,,,,,,,,
,,,,,,,,,
,,,,,,,,,
,,,,,,,,,
,,,,,,,,,
,,,,,,,,,
,,,,,,,,,
,,,,,,,,,
,,,,,,,,,
,,,,,,,,,
,,,,,,,,,
,,,,,,,,,
,,,,,,,,,
,,,,,,,,,
,,,,,,,,,
,,,,,,,,,
,,,,,,,,,
,,,,,,,,,
,,,,,,,,,
,,,,,,,,,
,,,,,,,,,
,,,,,,,,,
,,,,,,,,,
,,,,,,,,,
,,,,,,,,,
,,,,,,,,,
,,,,,,,,,
,,,,,,,,,
,,,,,,,,,
,,,,,,,,,
,,,,,,,,,
,,,,,,,,,
,,,,,,,,,
,,,,,,,,,
,,,,,,,,,
,,,,,,,,,
,,,,,,,,,
,,,,,,,,,
,,,,,,,,,
,,,,,,,,,
,,,,,,,,,
,,,,,,,,,
,,,,,,,,,
,,,,,,,,,
,,,,,,,,,
,,,,,,,,,
,,,,,,,,,
,,,,,,,,,
,,,,,,,,,
,,,,,,,,,
,,,,,,,,,
,,,,,,,,,
,,,,,,,,,
,,,,,,,,,
,,,,,,,,,
,,,,,,,,,
,,,,,,,,,
,,,,,,,,,
,,,,,,,,,
,,,,,,,,,
,,,,,,,,,
,,,,,,,,,
,,,,,,,,,
,,,,,,,,,
,,,,,,,,,
,,,,,,,,,
,,,,,,,,,
,,,,,,,,,
,,,,,,,,,
,,,,,,,,,
,,,,,,,,,
,,,,,,,,,
,,,,,,,,,
,,,,,,,,,
,,,,,,,,,
,,,,,,,,,
,,,,,,,,,
,,,,,,,,,
,,,,,,,,,
,,,,,,,,,
,,,,,,,,,
,,,,,,,,,
,,,,,,,,,
,,,,,,,,,
,,,,,,,,,
,,,,,,,,,
,,,,,,,,,
,,,,,,,,,
,,,,,,,,,
,,,,,,,,,
,,,,,,,,,
,,,,,,,,,
,,,,,,,,,
,,,,,,,,,
,,,,,,,,,
,,,,,,,,,
,,,,,,,,,
,,,,,,,,,
,,,,,,,,,
,,,,,,,,,
,,,,,,,,,
,,,,,,,,,
,,,,,,,,,
,,,,,,,,,
,,,,,,,,,
,,,,,,,,,
,,,,,,,,,
,,,,,,,,,
,,,,,,,,,
,,,,,,,,,
,,,,,,,,,
,,,,,,,,,
,,,,,,,,,
,,,,,,,,,
,,,,,,,,,
,,,,,,,,,
,,,,,,,,,
,,,,,,,,,
,,,,,,,,,
,,,,,,,,,
,,,,,,,,,
,,,,,,,,,
,,,,,,,,,
,,,,,,,,,
,,,,,,,,,
,,,,,,,,,
,,,,,,,,,
,,,,,,,,,
,,,,,,,,,
,,,,,,,,,
,,,,,,,,,
,,,,,,,,,
,,,,,,,,,
,,,,,,,,,
,,,,,,,,,
,,,,,,,,,
,,,,,,,,,
,,,,,,,,,
,,,,,,,,,
,,,,,,,,,
,,,,,,,,,
,,,,,,,,,
,,,,,,,,,
,,,,,,,,,
,,,,,,,,,
,,,,,,,,,
,,,,,,,,,
,,,,,,,,,
,,,,,,,,,
,,,,,,,,,
,,,,,,,,,
,,,,,,,,,
,,,,,,,,,
,,,,,,,,,
,,,,,,,,,
,,,,,,,,,
,,,,,,,,,
,,,,,,,,,
,,,,,,,,,
,,,,,,,,,
,,,,,,,,,
,,,,,,,,,
,,,,,,,,,
,,,,,,,,,
,,,,,,,,,
,,,,,,,,,
,,,,,,,,,
,,,,,,,,,
,,,,,,,,,
,,,,,,,,,
,,,,,,,,,
,,,,,,,,,
,,,,,,,,,
,,,,,,,,,
,,,,,,,,,
,,,,,,,,,
,,,,,,,,,
,,,,,,,,,
,,,,,,,,,
,,,,,,,,,
,,,,,,,,,
,,,,,,,,,
,,,,,,,,,
,,,,,,,,,
,,,,,,,,,
,,,,,,,,,
,,,,,,,,,
,,,,,,,,,
,,,,,,,,,
,,,,,,,,,
,,,,,,,,,
,,,,,,,,,
,,,,,,,,,
,,,,,,,,,
,,,,,,,,,
,,,,,,,,,
,,,,,,,,,
,,,,,,,,,
,,,,,,,,,
,,,,,,,,,
,,,,,,,,,
,,,,,,,,,
,,,,,,,,,
,,,,,,,,,
,,,,,,,,,
,,,,,,,,,
,,,,,,,,,
,,,,,,,,,
,,,,,,,,,
,,,,,,,,,
,,,,,,,,,
,,,,,,,,,
,,,,,,,,,
,,,,,,,,,
,,,,,,,,,
,,,,,,,,,
,,,,,,,,,
,,,,,,,,,
,,,,,,,,,
,,,,,,,,,
,,,,,,,,,
,,,,,,,,,
,,,,,,,,,
,,,,,,,,,
,,,,,,,,,
,,,,,,,,,
,,,,,,,,,
,,,,,,,,,
,,,,,,,,,
,,,,,,,,,
,,,,,,,,,
,,,,,,,,,
,,,,,,,,,
,,,,,,,,,
,,,,,,,,,
,,,,,,,,,
,,,,,,,,,
,,,,,,,,,
,,,,,,,,,
,,,,,,,,,
,,,,,,,,,
,,,,,,,,,
,,,,,,,,,
,,,,,,,,,
,,,,,,,,,
,,,,,,,,,
,,,,,,,,,
,,,,,,,,,
,,,,,,,,,
,,,,,,,,,
,,,,,,,,,
,,,,,,,,,
,,,,,,,,,
,,,,,,,,,
,,,,,,,,,
,,,,,,,,,
,,,,,,,,,
,,,,,,,,,
,,,,,,,,,
,,,,,,,,,
,,,,,,,,,
,,,,,,,,,
,,,,,,,,,
,,,,,,,,,
,,,,,,,,,
,,,,,,,,,
,,,,,,,,,
,,,,,,,,,
,,,,,,,,,
,,,,,,,,,
,,,,,,,,,
,,,,,,,,,
,,,,,,,,,
,,,,,,,,,
,,,,,,,,,
,,,,,,,,,
,,,,,,,,,
,,,,,,,,,
,,,,,,,,,
,,,,,,,,,
,,,,,,,,,
,,,,,,,,,
,,,,,,,,,
,,,,,,,,,
,,,,,,,,,
,,,,,,,,,
,,,,,,,,,
,,,,,,,,,
,,,,,,,,,
,,,,,,,,,
,,,,,,,,,
,,,,,,,,,
,,,,,,,,,
,,,,,,,,,
,,,,,,,,,
,,,,,,,,,
,,,,,,,,,
,,,,,,,,,
,,,,,,,,,
,,,,,,,,,
,,,,,,,,,
,,,,,,,,,
,,,,,,,,,
,,,,,,,,,
,,,,,,,,,
,,,,,,,,,
,,,,,,,,,
,,,,,,,,,
,,,,,,,,,
,,,,,,,,,
,,,,,,,,,
,,,,,,,,,
,,,,,,,,,
,,,,,,,,,
,,,,,,,,,
,,,,,,,,,
,,,,,,,,,
,,,,,,,,,
,,,,,,,,,
,,,,,,,,,
,,,,,,,,,
,,,,,,,,,
,,,,,,,,,
,,,,,,,,,
,,,,,,,,,
,,,,,,,,,
,,,,,,,,,
,,,,,,,,,
,,,,,,,,,
,,,,,,,,,
,,,,,,,,,
,,,,,,,,,
,,,,,,,,,
,,,,,,,,,
,,,,,,,,,
,,,,,,,,,
,,,,,,,,,
,,,,,,,,,
,,,,,,,,,
,,,,,,,,,
,,,,,,,,,
,,,,,,,,,
,,,,,,,,,
,,,,,,,,,
,,,,,,,,,
,,,,,,,,,
,,,,,,,,,
,,,,,,,,,
,,,,,,,,,
,,,,,,,,,
,,,,,,,,,
,,,,,,,,,
,,,,,,,,,
,,,,,,,,,
,,,,,,,,,
,,,,,,,,,
,,,,,,,,,
,,,,,,,,,
,,,,,,,,,
,,,,,,,,,
,,,,,,,,,
,,,,,,,,,
,,,,,,,,,
,,,,,,,,,
,,,,,,,,,
,,,,,,,,,
,,,,,,,,,
,,,,,,,,,
,,,,,,,,,
,,,,,,,,,
,,,,,,,,,
,,,,,,,,,
,,,,,,,,,
,,,,,,,,,
,,,,,,,,,
,,,,,,,,,
,,,,,,,,,
,,,,,,,,,
,,,,,,,,,
,,,,,,,,,
,,,,,,,,,
,,,,,,,,,
,,,,,,,,,
,,,,,,,,,
,,,,,,,,,
,,,,,,,,,
,,,,,,,,,
,,,,,,,,,
,,,,,,,,,
,,,,,,,,,
,,,,,,,,,
,,,,,,,,,
,,,,,,,,,
,,,,,,,,,
,,,,,,,,,
,,,,,,,,,
,,,,,,,,,
,,,,,,,,,
,,,,,,,,,
,,,,,,,,,
,,,,,,,,,
,,,,,,,,,
,,,,,,,,,
,,,,,,,,,
,,,,,,,,,
,,,,,,,,,
,,,,,,,,,
,,,,,,,,,
,,,,,,,,,
,,,,,,,,,
,,,,,,,,,
,,,,,,,,,
,,,,,,,,,
,,,,,,,,,
,,,,,,,,,
,,,,,,,,,
,,,,,,,,,
,,,,,,,,,
,,,,,,,,,
,,,,,,,,,
,,,,,,,,,
,,,,,,,,,
,,,,,,,,,
,,,,,,,,,
,,,,,,,,,
,,,,,,,,,
,,,,,,,,,
,,,,,,,,,
,,,,,,,,,
,,,,,,,,,
,,,,,,,,,
,,,,,,,,,
,,,,,,,,,
,,,,,,,,,
,,,,,,,,,
,,,,,,,,,
,,,,,,,,,
,,,,,,,,,
,,,,,,,,,
,,,,,,,,,
,,,,,,,,,
,,,,,,,,,
,,,,,,,,,
,,,,,,,,,
,,,,,,,,,
,,,,,,,,,
,,,,,,,,,
,,,,,,,,,
,,,,,,,,,
,,,,,,,,,
,,,,,,,,,
,,,,,,,,,
,,,,,,,,,
,,,,,,,,,
,,,,,,,,,
,,,,,,,,,
,,,,,,,,,
,,,,,,,,,
,,,,,,,,,
,,,,,,,,,
,,,,,,,,,
,,,,,,,,,
,,,,,,,,,
,,,,,,,,,
,,,,,,,,,
,,,,,,,,,
,,,,,,,,,
,,,,,,,,,
,,,,,,,,,
,,,,,,,,,
,,,,,,,,,
,,,,,,,,,
,,,,,,,,,
,,,,,,,,,
,,,,,,,,,
,,,,,,,,,
,,,,,,,,,
,,,,,,,,,
,,,,,,,,,
,,,,,,,,,
,,,,,,,,,
,,,,,,,,,
,,,,,,,,,
,,,,,,,,,
,,,,,,,,,
,,,,,,,,,
,,,,,,,,,
,,,,,,,,,
,,,,,,,,,
,,,,,,,,,
,,,,,,,,,
,,,,,,,,,
,,,,,,,,,
,,,,,,,,,
,,,,,,,,,
,,,,,,,,,
,,,,,,,,,
,,,,,,,,,
,,,,,,,,,
,,,,,,,,,
,,,,,,,,,
,,,,,,,,,
,,,,,,,,,
,,,,,,,,,
,,,,,,,,,
,,,,,,,,,
,,,,,,,,,
,,,,,,,,,
,,,,,,,,,
,,,,,,,,,
,,,,,,,,,
,,,,,,,,,
,,,,,,,,,
,,,,,,,,,
,,,,,,,,,
,,,,,,,,,
,,,,,,,,,
,,,,,,,,,
,,,,,,,,,
,,,,,,,,,
,,,,,,,,,
,,,,,,,,,
,,,,,,,,,
,,,,,,,,,
,,,,,,,,,
,,,,,,,,,
,,,,,,,,,
,,,,,,,,,
,,,,,,,,,
,,,,,,,,,
,,,,,,,,,
,,,,,,,,,
,,,,,,,,,
,,,,,,,,,
,,,,,,,,,
,,,,,,,,,
,,,,,,,,,
,,,,,,,,,
,,,,,,,,,
,,,,,,,,,
,,,,,,,,,
,,,,,,,,,
,,,,,,,,,
,,,,,,,,,
,,,,,,,,,
,,,,,,,,,
,,,,,,,,,
,,,,,,,,,
,,,,,,,,,
,,,,,,,,,
,,,,,,,,,
,,,,,,,,,
,,,,,,,,,
,,,,,,,,,
,,,,,,,,,
,,,,,,,,,
,,,,,,,,,
,,,,,,,,,
,,,,,,,,,
,,,,,,,,,
,,,,,,,,,
,,,,,,,,,
,,,,,,,,,
,,,,,,,,,
,,,,,,,,,
,,,,,,,,,
,,,,,,,,,
,,,,,,,,,
,,,,,,,,,
,,,,,,,,,
,,,,,,,,,
,,,,,,,,,
,,,,,,,,,
,,,,,,,,,
,,,,,,,,,
,,,,,,,,,
,,,,,,,,,
,,,,,,,,,
,,,,,,,,,
,,,,,,,,,
,,,,,,,,,
,,,,,,,,,
,,,,,,,,,
,,,,,,,,,
,,,,,,,,,
,,,,,,,,,
,,,,,,,,,
,,,,,,,,,
,,,,,,,,,
,,,,,,,,,
,,,,,,,,,
,,,,,,,,,
,,,,,,,,,
,,,,,,,,,
,,,,,,,,,
,,,,,,,,,
,,,,,,,,,
,,,,,,,,,
,,,,,,,,,
,,,,,,,,,
,,,,,,,,,
,,,,,,,,,
,,,,,,,,,
,,,,,,,,,
,,,,,,,,,
,,,,,,,,,
,,,,,,,,,
,,,,,,,,,
,,,,,,,,,
,,,,,,,,,
,,,,,,,,,
,,,,,,,,,
,,,,,,,,,
,,,,,,,,,
,,,,,,,,,
,,,,,,,,,
,,,,,,,,,
,,,,,,,,,
,,,,,,,,,
,,,,,,,,,
,,,,,,,,,
,,,,,,,,,
,,,,,,,,,
,,,,,,,,,
,,,,,,,,,
,,,,,,,,,
,,,,,,,,,
,,,,,,,,,
,,,,,,,,,
,,,,,,,,,
,,,,,,,,,
,,,,,,,,,
,,,,,,,,,
,,,,,,,,,
,,,,,,,,,
,,,,,,,,,
,,,,,,,,,
,,,,,,,,,
,,,,,,,,,
,,,,,,,,,
,,,,,,,,,
,,,,,,,,,
,,,,,,,,,
,,,,,,,,,
,,,,,,,,,
,,,,,,,,,
,,,,,,,,,
,,,,,,,,,
,,,,,,,,,
,,,,,,,,,
,,,,,,,,,
,,,,,,,,,
,,,,,,,,,
,,,,,,,,,
,,,,,,,,,
,,,,,,,,,
,,,,,,,,,
,,,,,,,,,
,,,,,,,,,
,,,,,,,,,
,,,,,,,,,
,,,,,,,,,
,,,,,,,,,
,,,,,,,,,
,,,,,,,,,
,,,,,,,,,
,,,,,,,,,
,,,,,,,,,
,,,,,,,,,
,,,,,,,,,
,,,,,,,,,
,,,,,,,,,
,,,,,,,,,
,,,,,,,,,
,,,,,,,,,
,,,,,,,,,
,,,,,,,,,
,,,,,,,,,
,,,,,,,,,
,,,,,,,,,
,,,,,,,,,
,,,,,,,,,
,,,,,,,,,
,,,,,,,,,
,,,,,,,,,
,,,,,,,,,
,,,,,,,,,
,,,,,,,,,
,,,,,,,,,
,,,,,,,,,
,,,,,,,,,
,,,,,,,,,
,,,,,,,,,
,,,,,,,,,
,,,,,,,,,
,,,,,,,,,
,,,,,,,,,
,,,,,,,,,
,,,,,,,,,
,,,,,,,,,
,,,,,,,,,
,,,,,,,,,
,,,,,,,,,
,,,,,,,,,
,,,,,,,,,
,,,,,,,,,
,,,,,,,,,
,,,,,,,,,
,,,,,,,,,
,,,,,,,,,
,,,,,,,,,
,,,,,,,,,
,,,,,,,,,
,,,,,,,,,
,,,,,,,,,
,,,,,,,,,
,,,,,,,,,
,,,,,,,,,
,,,,,,,,,
,,,,,,,,,
,,,,,,,,,
,,,,,,,,,
,,,,,,,,,
,,,,,,,,,
,,,,,,,,,
,,,,,,,,,
,,,,,,,,,
,,,,,,,,,
,,,,,,,,,
,,,,,,,,,
,,,,,,,,,
,,,,,,,,,
,,,,,,,,,
,,,,,,,,,
,,,,,,,,,
,,,,,,,,,
,,,,,,,,,
,,,,,,,,,
,,,,,,,,,
,,,,,,,,,
,,,,,,,,,
,,,,,,,,,
,,,,,,,,,
,,,,,,,,,
,,,,,,,,,
,,,,,,,,,
,,,,,,,,,
,,,,,,,,,
,,,,,,,,,
,,,,,,,,,
,,,,,,,,,
,,,,,,,,,
,,,,,,,,,
,,,,,,,,,
,,,,,,,,,
,,,,,,,,,
,,,,,,,,,
,,,,,,,,,
,,,,,,,,,
,,,,,,,,,
,,,,,,,,,
,,,,,,,,,
,,,,,,,,,
,,,,,,,,,
,,,,,,,,,
,,,,,,,,,
,,,,,,,,,
,,,,,,,,,
,,,,,,,,,
,,,,,,,,,
,,,,,,,,,
,,,,,,,,,
,,,,,,,,,
,,,,,,,,,
,,,,,,,,,
,,,,,,,,,
,,,,,,,,,
,,,,,,,,,
,,,,,,,,,
,,,,,,,,,
,,,,,,,,,
,,,,,,,,,
,,,,,,,,,
,,,,,,,,,
,,,,,,,,,
,,,,,,,,,
,,,,,,,,,
,,,,,,,,,
,,,,,,,,,
,,,,,,,,,
,,,,,,,,,
,,,,,,,,,
,,,,,,,,,
,,,,,,,,,
,,,,,,,,,
,,,,,,,,,
,,,,,,,,,
,,,,,,,,,
,,,,,,,,,
,,,,,,,,,
,,,,,,,,,
,,,,,,,,,
,,,,,,,,,
,,,,,,,,,
,,,,,,,,,
,,,,,,,,,
,,,,,,,,,
,,,,,,,,,
,,,,,,,,,
,,,,,,,,,
,,,,,,,,,
,,,,,,,,,
,,,,,,,,,
,,,,,,,,,
,,,,,,,,,
,,,,,,,,,
,,,,,,,,,
,,,,,,,,,
,,,,,,,,,
,,,,,,,,,
,,,,,,,,,
,,,,,,,,,
,,,,,,,,,
,,,,,,,,,
,,,,,,,,,
,,,,,,,,,
,,,,,,,,,
,,,,,,,,,
,,,,,,,,,
,,,,,,,,,
,,,,,,,,,
,,,,,,,,,
,,,,,,,,,
,,,,,,,,,
,,,,,,,,,
,,,,,,,,,
,,,,,,,,,
,,,,,,,,,
,,,,,,,,,
,,,,,,,,,
,,,,,,,,,
,,,,,,,,,
,,,,,,,,,
,,,,,,,,,
,,,,,,,,,
,,,,,,,,,
,,,,,,,,,
,,,,,,,,,
,,,,,,,,,
,,,,,,,,,
,,,,,,,,,
,,,,,,,,,
,,,,,,,,,
,,,,,,,,,
,,,,,,,,,
,,,,,,,,,
,,,,,,,,,
,,,,,,,,,
,,,,,,,,,
,,,,,,,,,
,,,,,,,,,
,,,,,,,,,
,,,,,,,,,
,,,,,,,,,
,,,,,,,,,
,,,,,,,,,
,,,,,,,,,
,,,,,,,,,
,,,,,,,,,
,,,,,,,,,
,,,,,,,,,
,,,,,,,,,
,,,,,,,,,
,,,,,,,,,
,,,,,,,,,
,,,,,,,,,
,,,,,,,,,
,,,,,,,,,
,,,,,,,,,
,,,,,,,,,
,,,,,,,,,
,,,,,,,,,
,,,,,,,,,
,,,,,,,,,
,,,,,,,,,
,,,,,,,,,
,,,,,,,,,
,,,,,,,,,
,,,,,,,,,
,,,,,,,,,
,,,,,,,,,
,,,,,,,,,
,,,,,,,,,
,,,,,,,,,
,,,,,,,,,
,,,,,,,,,
,,,,,,,,,
,,,,,,,,,
,,,,,,,,,
,,,,,,,,,
,,,,,,,,,
,,,,,,,,,
,,,,,,,,,
,,,,,,,,,
,,,,,,,,,
,,,,,,,,,
,,,,,,,,,
,,,,,,,,,
,,,,,,,,,
,,,,,,,,,
,,,,,,,,,
,,,,,,,,,
,,,,,,,,,
,,,,,,,,,
,,,,,,,,,
,,,,,,,,,
,,,,,,,,,
,,,,,,,,,
,,,,,,,,,
,,,,,,,,,
,,,,,,,,,
,,,,,,,,,
,,,,,,,,,
,,,,,,,,,
,,,,,,,,,
,,,,,,,,,
,,,,,,,,,
,,,,,,,,,
,,,,,,,,,
,,,,,,,,,
,,,,,,,,,
,,,,,,,,,
,,,,,,,,,
,,,,,,,,,
,,,,,,,,,
,,,,,,,,,
,,,,,,,,,
,,,,,,,,,
,,,,,,,,,
,,,,,,,,,
,,,,,,,,,
,,,,,,,,,
,,,,,,,,,
,,,,,,,,,
,,,,,,,,,
,,,,,,,,,
,,,,,,,,,
,,,,,,,,,
,,,,,,,,,
,,,,,,,,,
,,,,,,,,,
,,,,,,,,,
,,,,,,,,,
,,,,,,,,,
,,,,,,,,,
,,,,,,,,,
,,,,,,,,,
,,,,,,,,,
,,,,,,,,,
,,,,,,,,,
,,,,,,,,,
,,,,,,,,,
,,,,,,,,,
,,,,,,,,,
,,,,,,,,,
,,,,,,,,,
,,,,,,,,,
,,,,,,,,,
,,,,,,,,,
,,,,,,,,,
,,,,,,,,,
,,,,,,,,,
,,,,,,,,,
,,,,,,,,,
,,,,,,,,,
,,,,,,,,,
,,,,,,,,,
,,,,,,,,,
,,,,,,,,,
,,,,,,,,,
,,,,,,,,,
,,,,,,,,,
,,,,,,,,,
,,,,,,,,,
,,,,,,,,,
,,,,,,,,,
,,,,,,,,,
,,,,,,,,,
,,,,,,,,,
,,,,,,,,,
,,,,,,,,,
,,,,,,,,,
,,,,,,,,,
,,,,,,,,,
,,,,,,,,,
,,,,,,,,,
,,,,,,,,,
,,,,,,,,,
,,,,,,,,,
,,,,,,,,,
,,,,,,,,,
,,,,,,,,,
,,,,,,,,,
,,,,,,,,,
,,,,,,,,,
,,,,,,,,,
,,,,,,,,,
,,,,,,,,,
,,,,,,,,,
,,,,,,,,,
,,,,,,,,,
,,,,,,,,,
,,,,,,,,,
,,,,,,,,,
,,,,,,,,,
,,,,,,,,,
,,,,,,,,,
,,,,,,,,,
,,,,,,,,,
,,,,,,,,,
,,,,,,,,,
,,,,,,,,,
,,,,,,,,,
,,,,,,,,,
,,,,,,,,,
,,,,,,,,,
,,,,,,,,,
,,,,,,,,,
,,,,,,,,,
,,,,,,,,,
,,,,,,,,,
,,,,,,,,,
,,,,,,,,,
,,,,,,,,,
,,,,,,,,,
,,,,,,,,,
,,,,,,,,,
,,,,,,,,,
,,,,,,,,,
,,,,,,,,,
,,,,,,,,,
,,,,,,,,,
,,,,,,,,,
,,,,,,,,,
,,,,,,,,,
,,,,,,,,,
,,,,,,,,,
,,,,,,,,,
,,,,,,,,,
,,,,,,,,,
,,,,,,,,,
,,,,,,,,,
,,,,,,,,,
,,,,,,,,,
,,,,,,,,,
,,,,,,,,,
,,,,,,,,,
,,,,,,,,,
,,,,,,,,,
,,,,,,,,,
,,,,,,,,,
,,,,,,,,,
,,,,,,,,,
,,,,,,,,,
,,,,,,,,,
,,,,,,,,,
,,,,,,,,,
,,,,,,,,,
,,,,,,,,,
,,,,,,,,,
,,,,,,,,,
,,,,,,,,,
,,,,,,,,,
,,,,,,,,,
,,,,,,,,,
,,,,,,,,,
,,,,,,,,,
,,,,,,,,,
,,,,,,,,,
,,,,,,,,,
,,,,,,,,,
,,,,,,,,,
,,,,,,,,,
,,,,,,,,,
,,,,,,,,,
,,,,,,,,,
,,,,,,,,,
,,,,,,,,,
,,,,,,,,,
,,,,,,,,,
,,,,,,,,,
,,,,,,,,,
,,,,,,,,,
,,,,,,,,,
,,,,,,,,,
,,,,,,,,,
,,,,,,,,,
,,,,,,,,,
,,,,,,,,,
,,,,,,,,,
,,,,,,,,,
,,,,,,,,,
,,,,,,,,,
,,,,,,,,,
,,,,,,,,,
,,,,,,,,,
,,,,,,,,,
,,,,,,,,,
,,,,,,,,,
,,,,,,,,,
,,,,,,,,,
,,,,,,,,,
,,,,,,,,,
,,,,,,,,,
,,,,,,,,,
,,,,,,,,,
,,,,,,,,,
,,,,,,,,,
,,,,,,,,,
,,,,,,,,,
,,,,,,,,,
,,,,,,,,,
,,,,,,,,,
,,,,,,,,,
,,,,,,,,,
,,,,,,,,,
,,,,,,,,,
,,,,,,,,,
,,,,,,,,,
,,,,,,,,,
,,,,,,,,,
,,,,,,,,,
,,,,,,,,,
,,,,,,,,,
,,,,,,,,,
,,,,,,,,,
,,,,,,,,,
,,,,,,,,,
,,,,,,,,,
,,,,,,,,,
,,,,,,,,,
,,,,,,,,,
,,,,,,,,,
,,,,,,,,,
,,,,,,,,,
,,,,,,,,,
,,,,,,,,,
,,,,,,,,,
,,,,,,,,,
,,,,,,,,,
,,,,,,,,,
,,,,,,,,,
,,,,,,,,,
,,,,,,,,,
,,,,,,,,,
,,,,,,,,,
,,,,,,,,,
,,,,,,,,,
,,,,,,,,,
,,,,,,,,,
,,,,,,,,,
,,,,,,,,,
,,,,,,,,,
,,,,,,,,,
,,,,,,,,,
,,,,,,,,,
,,,,,,,,,
,,,,,,,,,
,,,,,,,,,
,,,,,,,,,
,,,,,,,,,
,,,,,,,,,
,,,,,,,,,
,,,,,,,,,
,,,,,,,,,
,,,,,,,,,
,,,,,,,,,
,,,,,,,,,
,,,,,,,,,
,,,,,,,,,
,,,,,,,,,
,,,,,,,,,
,,,,,,,,,
,,,,,,,,,
,,,,,,,,,
,,,,,,,,,
,,,,,,,,,
,,,,,,,,,
,,,,,,,,,
,,,,,,,,,
,,,,,,,,,
,,,,,,,,,
,,,,,,,,,
,,,,,,,,,
,,,,,,,,,
,,,,,,,,,
,,,,,,,,,
,,,,,,,,,
,,,,,,,,,
,,,,,,,,,
,,,,,,,,,
,,,,,,,,,
,,,,,,,,,
,,,,,,,,,
,,,,,,,,,
,,,,,,,,,
,,,,,,,,,
,,,,,,,,,
,,,,,,,,,
,,,,,,,,,
,,,,,,,,,
,,,,,,,,,
,,,,,,,,,
,,,,,,,,,
,,,,,,,,,
,,,,,,,,,
,,,,,,,,,
,,,,,,,,,
,,,,,,,,,
,,,,,,,,,
,,,,,,,,,
,,,,,,,,,
,,,,,,,,,
,,,,,,,,,
,,,,,,,,,
,,,,,,,,,
,,,,,,,,,
,,,,,,,,,
,,,,,,,,,
,,,,,,,,,
,,,,,,,,,
,,,,,,,,,
,,,,,,,,,
,,,,,,,,,
,,,,,,,,,
,,,,,,,,,
,,,,,,,,,
,,,,,,,,,
,,,,,,,,,
,,,,,,,,,
,,,,,,,,,
,,,,,,,,,
,,,,,,,,,
,,,,,,,,,
,,,,,,,,,
,,,,,,,,,
,,,,,,,,,
,,,,,,,,,
,,,,,,,,,
,,,,,,,,,
,,,,,,,,,
,,,,,,,,,
,,,,,,,,,
,,,,,,,,,
,,,,,,,,,
,,,,,,,,,
,,,,,,,,,
,,,,,,,,,
,,,,,,,,,
,,,,,,,,,
,,,,,,,,,
,,,,,,,,,
,,,,,,,,,
,,,,,,,,,
,,,,,,,,,
,,,,,,,,,
,,,,,,,,,
,,,,,,,,,
,,,,,,,,,
,,,,,,,,,
,,,,,,,,,
,,,,,,,,,
,,,,,,,,,
,,,,,,,,,
,,,,,,,,,
,,,,,,,,,
,,,,,,,,,
,,,,,,,,,
,,,,,,,,,
,,,,,,,,,
,,,,,,,,,
,,,,,,,,,
,,,,,,,,,
,,,,,,,,,
,,,,,,,,,
,,,,,,,,,
,,,,,,,,,
,,,,,,,,,
,,,,,,,,,
,,,,,,,,,
,,,,,,,,,
,,,,,,,,,
,,,,,,,,,
,,,,,,,,,
,,,,,,,,,
,,,,,,,,,
,,,,,,,,,
,,,,,,,,,
,,,,,,,,,
,,,,,,,,,
,,,,,,,,,
,,,,,,,,,
,,,,,,,,,
,,,,,,,,,
,,,,,,,,,
,,,,,,,,,
,,,,,,,,,
,,,,,,,,,
,,,,,,,,,
,,,,,,,,,
,,,,,,,,,
,,,,,,,,,
,,,,,,,,,
,,,,,,,,,
,,,,,,,,,
,,,,,,,,,
,,,,,,,,,
,,,,,,,,,
,,,,,,,,,
,,,,,,,,,
,,,,,,,,,
,,,,,,,,,
,,,,,,,,,
,,,,,,,,,
,,,,,,,,,
,,,,,,,,,
,,,,,,,,,
,,,,,,,,,
,,,,,,,,,
,,,,,,,,,
,,,,,,,,,
,,,,,,,,,
,,,,,,,,,
,,,,,,,,,
,,,,,,,,,
,,,,,,,,,
,,,,,,,,,
,,,,,,,,,
,,,,,,,,,
,,,,,,,,,
,,,,,,,,,
,,,,,,,,,
,,,,,,,,,
,,,,,,,,,
,,,,,,,,,
,,,,,,,,,
,,,,,,,,,
,,,,,,,,,
,,,,,,,,,
,,,,,,,,,
,,,,,,,,,
,,,,,,,,,
,,,,,,,,,
,,,,,,,,,
,,,,,,,,,
,,,,,,,,,
,,,,,,,,,
,,,,,,,,,
,,,,,,,,,
,,,,,,,,,
,,,,,,,,,
,,,,,,,,,
,,,,,,,,,
,,,,,,,,,
,,,,,,,,,
,,,,,,,,,
,,,,,,,,,
,,,,,,,,,
,,,,,,,,,
,,,,,,,,,
,,,,,,,,,
,,,,,,,,,
,,,,,,,,,
,,,,,,,,,
,,,,,,,,,
,,,,,,,,,
,,,,,,,,,
,,,,,,,,,
,,,,,,,,,
,,,,,,,,,
,,,,,,,,,
,,,,,,,,,
,,,,,,,,,
,,,,,,,,,
,,,,,,,,,
,,,,,,,,,
,,,,,,,,,
,,,,,,,,,
,,,,,,,,,
,,,,,,,,,
,,,,,,,,,
,,,,,,,,,
,,,,,,,,,
,,,,,,,,,
,,,,,,,,,
,,,,,,,,,
,,,,,,,,,
,,,,,,,,,
,,,,,,,,,
,,,,,,,,,
,,,,,,,,,
,,,,,,,,,
,,,,,,,,,
,,,,,,,,,
,,,,,,,,,
,,,,,,,,,
,,,,,,,,,
,,,,,,,,,
,,,,,,,,,
,,,,,,,,,
,,,,,,,,,
,,,,,,,,,
,,,,,,,,,
,,,,,,,,,
,,,,,,,,,
,,,,,,,,,
,,,,,,,,,
,,,,,,,,,
,,,,,,,,,
,,,,,,,,,
,,,,,,,,,
,,,,,,,,,
,,,,,,,,,
,,,,,,,,,
,,,,,,,,,
,,,,,,,,,
,,,,,,,,,
,,,,,,,,,
,,,,,,,,,
,,,,,,,,,
,,,,,,,,,
,,,,,,,,,
,,,,,,,,,
,,,,,,,,,
,,,,,,,,,
,,,,,,,,,
,,,,,,,,,
,,,,,,,,,
,,,,,,,,,
,,,,,,,,,
,,,,,,,,,
,,,,,,,,,
,,,,,,,,,
,,,,,,,,,
,,,,,,,,,
,,,,,,,,,
,,,,,,,,,
,,,,,,,,,
,,,,,,,,,
,,,,,,,,,
,,,,,,,,,
,,,,,,,,,
,,,,,,,,,
,,,,,,,,,
,,,,,,,,,
,,,,,,,,,
,,,,,,,,,
,,,,,,,,,
,,,,,,,,,
,,,,,,,,,
,,,,,,,,,
,,,,,,,,,
,,,,,,,,,
,,,,,,,,,
,,,,,,,,,
,,,,,,,,,
,,,,,,,,,
,,,,,,,,,
,,,,,,,,,
,,,,,,,,,
,,,,,,,,,
,,,,,,,,,
,,,,,,,,,
,,,,,,,,,
,,,,,,,,,
,,,,,,,,,
,,,,,,,,,
,,,,,,,,,
,,,,,,,,,
,,,,,,,,,
,,,,,,,,,
,,,,,,,,,
,,,,,,,,,
,,,,,,,,,
,,,,,,,,,
,,,,,,,,,
,,,,,,,,,
,,,,,,,,,
,,,,,,,,,
,,,,,,,,,
,,,,,,,,,
,,,,,,,,,
,,,,,,,,,
,,,,,,,,,
,,,,,,,,,
,,,,,,,,,
,,,,,,,,,
,,,,,,,,,
,,,,,,,,,
,,,,,,,,,
,,,,,,,,,
,,,,,,,,,
,,,,,,,,,
,,,,,,,,,
,,,,,,,,,
,,,,,,,,,
,,,,,,,,,
,,,,,,,,,
,,,,,,,,,
,,,,,,,,,
,,,,,,,,,
,,,,,,,,,
,,,,,,,,,
,,,,,,,,,
,,,,,,,,,
,,,,,,,,,
,,,,,,,,,
,,,,,,,,,
,,,,,,,,,
,,,,,,,,,
,,,,,,,,,
,,,,,,,,,
,,,,,,,,,
,,,,,,,,,
,,,,,,,,,
,,,,,,,,,
,,,,,,,,,
,,,,,,,,,
,,,,,,,,,
,,,,,,,,,
,,,,,,,,,
,,,,,,,,,
,,,,,,,,,
,,,,,,,,,
,,,,,,,,,
,,,,,,,,,
,,,,,,,,,
,,,,,,,,,
,,,,,,,,,
,,,,,,,,,
,,,,,,,,,
,,,,,,,,,
,,,,,,,,,
,,,,,,,,,
,,,,,,,,,
,,,,,,,,,
,,,,,,,,,
,,,,,,,,,
,,,,,,,,,
,,,,,,,,,
,,,,,,,,,
,,,,,,,,,
,,,,,,,,,
,,,,,,,,,
,,,,,,,,,
,,,,,,,,,
,,,,,,,,,
,,,,,,,,,
,,,,,,,,,
,,,,,,,,,
,,,,,,,,,
,,,,,,,,,
,,,,,,,,,
,,,,,,,,,
,,,,,,,,,
,,,,,,,,,
,,,,,,,,,
,,,,,,,,,
,,,,,,,,,
,,,,,,,,,
,,,,,,,,,
,,,,,,,,,
,,,,,,,,,
,,,,,,,,,
,,,,,,,,,
,,,,,,,,,
,,,,,,,,,
,,,,,,,,,
,,,,,,,,,
,,,,,,,,,
,,,,,,,,,
,,,,,,,,,
,,,,,,,,,
,,,,,,,,,
,,,,,,,,,
,,,,,,,,,
,,,,,,,,,
,,,,,,,,,
,,,,,,,,,
,,,,,,,,,
,,,,,,,,,
,,,,,,,,,
NO,NO3426.0013.01,Tolga renseanlegg,,NO-04-023,Tolga,94,C,,49055
NO,NO3427.0041.01,Tynset renseanlegg,,NO-04-024,Tynset,87,C,,49055
NO,NO3428.0014.01,Alvdal renseanlegg,,NO-04-025,Alvdal,100,C,,49055
NO,NO3431.0009.01,Dombås renseanlegg,,NO-05-003,Dombås,97,C,,49055
NO,NO3431.0011.01,Dovre renseanlegg,,NO-05-004,Dovre,97,C,,49055
NO,NO3432.0007.01,Lesja renseanlegg (Hosetmoen),,NO-05-037,Lesja,97,C,,49055
NO,NO3432.0008.01,Bjorli  renseanlegg,,NO-05-038,Bjorli,97,C,,49055
NO,NO3434.0005.01,Fossbergom renseanlegg,,NO-05-006,Fossbergom,97,C,,49055
NO,NO3435.0004.01,Vågåmo renseanlegg,,NO-05-007,Vågåmo,97,C,,49055
NO,NO3436.0008.01,Vinstra renseanlegg,,NO-05-009,Vinstra,97,C,,49055
NO,NO3437.0016.01,Otta renseanlegg,,NO-05-011,Otta,97,C,,49055
NO,NO3439.0009.01,Ringebu kloakkrenseanlegg,,NO-05-013,Ringebu,97,C,,49055
NO,NO3439.0010.01,Fåvang renseanlegg,,NO-05-014,Fåvang,97,C,,49055
NO,NO3439.0011.01,Frya avløpsanlegg,,NO-05-015,Hundorp,97,C,,49055
NO,NO3440.0009.01,Tretten renseanlegg,,NO-05-016,Tretten,97,C,,49055
NO,NO3442.0013.01,Lena renseanlegg,,NO-05-017,Lena,97,C,,49055
NO,NO3442.0015.01,Kapp renseanlegg,,NO-05-018,Kapp,97,C,,49055
NO,NO3442.0017.01,Skreia renseanlegg,,NO-05-020,Skreia,97,C,,49055
NO,NO3443.0016.01,Breiskallen renseanlegg,,NO-05-022,Raufoss,97,C,,49055
NO,NO3446.0017.01,Brandbu renseanlegg,,NO-05-028,Brandbu,97,C,,49055
NO,NO3447.0008.01,Hov renseanlegg,,NO-05-029,Hov,97,C,,49055
NO,NO3448.0009.01,Dokka renseanlegg,,NO-05-030,Dokka,97,C,,49055
NO,NO4601.0338.01,Kvernevik,,NO-12-001,Bergen,8.403040108,C,,49055
NO,NO4601.0340.01,Lokketodalen,,NO-12-001,Bergen,0.194145534,C,,49055
NO,NO4601.0341.01,Drotningsvik,,NO-12-001,Bergen,0.430732185,C,,49055
NO,NO4601.0342.01,Kistebakkane,,NO-12-001,Bergen,0.056287155,C,,49055
NO,NO4601.0344.01,Holen renseanlegg,,NO-12-001,Bergen,24.17427948,C,,49055
NO,NO4601.0400.01,Hordvikneset,,NO-12-001,Bergen,0.057190157,C,,49055
NO,NO4601.0402.01,Naustvegen,,NO-12-001,Bergen,0.044247122,C,,49055
NO,NO4601.0403.01,Skarehaugane,,NO-12-001,Bergen,0.046053127,C,,49055
NO,NO4601.0404.01,Skareveien,,NO-12-001,Bergen,0.038829107,C,,49055
NO,NO4601.0405.01,Slembevegen,,NO-12-001,Bergen,0.026187072,C,,49055
NO,NO4601.0406.01,Ytre Morvik,,NO-12-001,Bergen,0.026187072,C,,49055
NO,NO4601.0407.01,Ytre Sandviken RA,,NO-12-001,Bergen,9.10557604,C,,49055
NO,NO4601.0853.01,Brøstaneset renseanlegg,,NO-12-001,Bergen,0.002408007,C,,49055
NO,NO4602.0023.01,Fjord Base AS,,NO-14-001,Florø,2.747520206,C,,49055
NO,NO4602.0024.01,Storåsen Sør (RD 9),,NO-14-001,Florø,7.710782513,C,,49055
NO,NO4602.0027.01,Kvalvågen (RD 4),,NO-14-001,Florø,4.661921381,C,,49055
NO,NO4602.0028.01,Brandsøyåsen Nord-Vest,,NO-14-001,Florø,4.165595151,C,,49055
NO,NO4602.0029.01,Solheimsfeltet (RD 11),,NO-14-001,Florø,8.180519838,C,,49055
NO,NO4602.0031.01,FLO32 Krokane Vest-Nygård,,NO-14-001,Florø,4.697373255,C,,49055
NO,NO4602.0032.01,Ragnarrud/Hovland,,NO-14-001,Florø,10.99008082,C,,49055
NO,NO4602.0033.01,Kleven Florø AS,,NO-14-001,Florø,0.886296841,C,,49055
NO,NO4602.0037.01,Sentrum,,NO-14-001,Florø,0.930611683,C,,49055
NO,NO4602.0039.01,Nordnes,,NO-14-001,Florø,1.692826966,C,,49055
